"post_id","cat_slug"
"8705","clinic"
"9052","clinic"
"9166","clinic"
"9252","clinic"
"9366","clinic"
"10114","clinic"
"10362","clinic"
"10745","clinic"
"10757","clinic"
"10814","clinic"
"10970","clinic"
"11056","clinic"
"11066","clinic"
"11522","clinic"
"11757","clinic"
"11955","clinic"
"11969","clinic"
"12104","clinic"
"12221","clinic"
"12323","clinic"
"12501","clinic"
"12989","clinic"
"13008","clinic"
"13072","clinic"
"13150","clinic"
"13160","clinic"
"13185","clinic"
"13193","clinic"
"13534","clinic"
"13592","clinic"
"14351","clinic"
"14921","clinic"
"15208","clinic"
"15763","clinic"
"16457","clinic"
"16811","clinic"
"17053","clinic"
"18028","clinic"
"18178","clinic"
"18250","clinic"
"18513","clinic"
"18529","clinic"
"18545","clinic"
"18548","clinic"
"18584","clinic"
"18908","clinic"
"18959","clinic"
"19047","clinic"
"19207","clinic"
"19627","clinic"
"20833","clinic"
"20955","clinic"
"21082","clinic"
"21164","clinic"
"21186","clinic"
"21259","clinic"
"21561","clinic"
"21576","clinic"
"21650","clinic"
"21786","clinic"
"21877","clinic"
"22034","clinic"
"22382","clinic"
"22573","clinic"
"22584","clinic"
"22862","clinic"
"23190","clinic"
"23269","clinic"
"23371","clinic"
"23403","clinic"
"23947","clinic"
"24198","clinic"
"24363","clinic"
"24490","clinic"
"24633","clinic"
"24811","clinic"
"25015","clinic"
"25211","clinic"
"25476","clinic"
"25549","clinic"
"26040","clinic"
"26314","clinic"
"26560","clinic"
"26565","clinic"
"26582","clinic"
"26806","clinic"
"26841","clinic"
"26882","clinic"
"26891","clinic"
"26922","clinic"
"27063","clinic"
"28012","clinic"
"28573","clinic"
"29149","clinic"
"29190","clinic"
"29370","clinic"
"29691","clinic"
"29805","clinic"
"29825","clinic"
"30003","clinic"
"30560","clinic"
"30758","clinic"
"30811","clinic"
"31067","clinic"
"31284","clinic"
"31370","clinic"
"31434","clinic"
"31517","clinic"
"31571","clinic"
"31835","clinic"
"32069","clinic"
"32073","clinic"
"32074","clinic"
"32141","clinic"
"32258","clinic"
"32412","clinic"
"32610","clinic"
"32757","clinic"
"32990","clinic"
"33336","clinic"
"35101","clinic"
"35221","clinic"
"35349","clinic"
"35862","clinic"
"35970","clinic"
"36330","clinic"
"36418","clinic"
"36524","clinic"
"36600","clinic"
"36812","clinic"
"36896","clinic"
"36985","clinic"
"37212","clinic"
"37244","clinic"
"37360","clinic"
"37435","clinic"
"37454","clinic"
"37541","clinic"
"37544","clinic"
"37553","clinic"
"37600","clinic"
"37660","clinic"
"37927","clinic"
"37942","clinic"
"37957","clinic"
"38009","clinic"
"38272","clinic"
"38507","clinic"
"38519","clinic"
"38529","clinic"
"38911","clinic"
"38916","clinic"
"39025","clinic"
"39202","clinic"
"39298","clinic"
"39477","clinic"
"39515","clinic"
"39536","clinic"
"39817","clinic"
"39888","clinic"
"39923","clinic"
"40223","clinic"
"40404","clinic"
"40591","clinic"
"41087","clinic"
"41156","clinic"
"41446","clinic"
"41767","clinic"
"41841","clinic"
"41906","clinic"
"42092","clinic"
"42139","clinic"
"42176","clinic"
"42415","clinic"
"42481","clinic"
"42572","clinic"
"42592","clinic"
"42625","clinic"
"42644","clinic"
"42707","clinic"
"42778","clinic"
"42843","clinic"
"42963","clinic"
"42968","clinic"
"42986","clinic"
"42987","clinic"
"43052","clinic"
"8769","hair"
"9714","hair"
"9724","hair"
"9776","hair"
"10240","hair"
"11254","hair"
"11280","hair"
"11639","hair"
"11674","hair"
"11765","hair"
"12522","hair"
"12727","hair"
"12731","hair"
"12838","hair"
"13143","hair"
"13273","hair"
"13474","hair"
"13478","hair"
"13607","hair"
"13641","hair"
"13809","hair"
"13852","hair"
"14279","hair"
"14289","hair"
"14608","hair"
"14881","hair"
"14907","hair"
"15527","hair"
"16198","hair"
"16512","hair"
"16585","hair"
"17566","hair"
"17886","hair"
"17969","hair"
"18008","hair"
"18152","hair"
"18243","hair"
"18430","hair"
"18579","hair"
"18626","hair"
"18709","hair"
"19483","hair"
"20318","hair"
"20474","hair"
"20754","hair"
"21053","hair"
"21182","hair"
"21896","hair"
"22091","hair"
"22467","hair"
"22495","hair"
"22607","hair"
"22728","hair"
"22811","hair"
"22827","hair"
"22895","hair"
"23207","hair"
"23297","hair"
"23528","hair"
"23648","hair"
"23859","hair"
"24345","hair"
"24395","hair"
"24485","hair"
"24787","hair"
"24970","hair"
"25515","hair"
"25520","hair"
"25619","hair"
"25854","hair"
"25894","hair"
"25943","hair"
"26027","hair"
"26156","hair"
"26208","hair"
"26263","hair"
"26573","hair"
"26677","hair"
"26684","hair"
"26896","hair"
"27203","hair"
"27701","hair"
"27769","hair"
"27828","hair"
"28132","hair"
"28590","hair"
"28657","hair"
"28861","hair"
"29087","hair"
"29273","hair"
"29487","hair"
"29491","hair"
"29526","hair"
"29543","hair"
"29574","hair"
"29882","hair"
"29927","hair"
"29984","hair"
"30075","hair"
"30082","hair"
"30189","hair"
"30469","hair"
"30663","hair"
"30959","hair"
"31215","hair"
"31269","hair"
"31315","hair"
"31377","hair"
"31400","hair"
"32248","hair"
"32692","hair"
"32844","hair"
"32851","hair"
"32869","hair"
"33010","hair"
"33755","hair"
"34391","hair"
"35057","hair"
"35094","hair"
"35468","hair"
"35556","hair"
"35854","hair"
"35941","hair"
"36073","hair"
"36160","hair"
"36643","hair"
"36847","hair"
"37210","hair"
"37268","hair"
"37645","hair"
"38465","hair"
"38925","hair"
"39036","hair"
"39046","hair"
"39641","hair"
"39702","hair"
"39752","hair"
"39771","hair"
"39879","hair"
"40449","hair"
"40463","hair"
"40920","hair"
"41028","hair"
"41521","hair"
"41629","hair"
"41987","hair"
"42253","hair"
"42672","hair"
"42705","hair"
"42718","hair"
"42734","hair"
"42864","hair"
"42937","hair"
"42997","hair"
"43005","hair"
"43301","hair"
"43385","hair"
"8718","car"
"8865","car"
"9118","car"
"9256","car"
"9341","car"
"9525","car"
"9574","car"
"9859","car"
"10133","car"
"10309","car"
"10595","car"
"11146","car"
"11176","car"
"11191","car"
"11462","car"
"11468","car"
"11475","car"
"11795","car"
"11874","car"
"12326","car"
"12751","car"
"13725","car"
"14937","car"
"15179","car"
"15223","car"
"15297","car"
"16425","car"
"17063","car"
"17483","car"
"19266","car"
"20001","car"
"20376","car"
"21379","car"
"25878","car"
"26018","car"
"28805","car"
"28879","car"
"28894","car"
"31184","car"
"31532","car"
"32659","car"
"33111","car"
"33134","car"
"36613","car"
"36935","car"
"37312","car"
"37409","car"
"38016","car"
"38137","car"
"38782","car"
"39076","car"
"39870","car"
"41101","car"
"41605","car"
"8902","talad"
"15629","talad"
"17995","talad"
"18342","talad"
"19118","talad"
"19128","talad"
"19455","talad"
"21315","talad"
"22611","talad"
"22982","talad"
"24385","talad"
"24402","talad"
"26407","talad"
"28921","talad"
"28935","talad"
"29647","talad"
"33526","talad"
"33527","talad"
"36611","talad"
"40017","talad"
"40048","talad"
"42384","talad"
"8253","alcohal"
"8479","alcohal"
"8582","alcohal"
"9092","alcohal"
"9326","alcohal"
"9607","alcohal"
"9756","alcohal"
"9904","alcohal"
"9957","alcohal"
"9969","alcohal"
"11110","alcohal"
"11248","alcohal"
"11429","alcohal"
"12624","alcohal"
"12901","alcohal"
"13009","alcohal"
"13046","alcohal"
"13216","alcohal"
"13359","alcohal"
"13469","alcohal"
"13485","alcohal"
"13516","alcohal"
"13525","alcohal"
"13583","alcohal"
"13601","alcohal"
"13631","alcohal"
"13670","alcohal"
"13718","alcohal"
"13854","alcohal"
"13886","alcohal"
"14015","alcohal"
"14179","alcohal"
"14230","alcohal"
"14333","alcohal"
"14369","alcohal"
"14473","alcohal"
"14523","alcohal"
"14557","alcohal"
"14581","alcohal"
"14750","alcohal"
"14980","alcohal"
"15042","alcohal"
"15191","alcohal"
"15271","alcohal"
"15550","alcohal"
"15568","alcohal"
"15721","alcohal"
"15783","alcohal"
"16064","alcohal"
"16170","alcohal"
"16181","alcohal"
"16212","alcohal"
"16230","alcohal"
"16336","alcohal"
"16400","alcohal"
"16487","alcohal"
"16521","alcohal"
"16709","alcohal"
"16821","alcohal"
"16902","alcohal"
"16945","alcohal"
"17179","alcohal"
"17318","alcohal"
"17431","alcohal"
"17473","alcohal"
"17640","alcohal"
"17652","alcohal"
"17772","alcohal"
"17802","alcohal"
"17854","alcohal"
"18106","alcohal"
"18146","alcohal"
"18300","alcohal"
"18397","alcohal"
"18438","alcohal"
"18681","alcohal"
"18719","alcohal"
"19032","alcohal"
"19035","alcohal"
"19604","alcohal"
"20141","alcohal"
"20743","alcohal"
"21002","alcohal"
"21702","alcohal"
"21759","alcohal"
"22171","alcohal"
"22554","alcohal"
"22589","alcohal"
"22752","alcohal"
"23022","alcohal"
"23044","alcohal"
"23162","alcohal"
"23604","alcohal"
"23836","alcohal"
"23873","alcohal"
"23929","alcohal"
"24130","alcohal"
"24327","alcohal"
"24495","alcohal"
"24668","alcohal"
"24748","alcohal"
"24796","alcohal"
"24848","alcohal"
"24898","alcohal"
"24936","alcohal"
"25080","alcohal"
"25220","alcohal"
"25434","alcohal"
"25451","alcohal"
"25642","alcohal"
"25744","alcohal"
"25989","alcohal"
"26128","alcohal"
"26277","alcohal"
"26308","alcohal"
"26398","alcohal"
"26812","alcohal"
"27006","alcohal"
"27273","alcohal"
"27555","alcohal"
"27607","alcohal"
"27752","alcohal"
"27806","alcohal"
"27860","alcohal"
"27930","alcohal"
"28141","alcohal"
"28256","alcohal"
"28344","alcohal"
"28392","alcohal"
"28416","alcohal"
"28436","alcohal"
"28449","alcohal"
"28451","alcohal"
"28542","alcohal"
"28910","alcohal"
"28966","alcohal"
"29669","alcohal"
"29678","alcohal"
"29796","alcohal"
"29852","alcohal"
"29957","alcohal"
"30423","alcohal"
"30520","alcohal"
"30544","alcohal"
"30874","alcohal"
"30941","alcohal"
"30973","alcohal"
"31289","alcohal"
"31306","alcohal"
"31320","alcohal"
"31496","alcohal"
"31547","alcohal"
"31591","alcohal"
"31655","alcohal"
"31674","alcohal"
"31775","alcohal"
"32031","alcohal"
"32162","alcohal"
"32352","alcohal"
"32495","alcohal"
"32496","alcohal"
"32507","alcohal"
"32570","alcohal"
"32779","alcohal"
"32940","alcohal"
"32973","alcohal"
"33047","alcohal"
"33122","alcohal"
"33221","alcohal"
"33226","alcohal"
"33296","alcohal"
"33305","alcohal"
"33591","alcohal"
"33604","alcohal"
"33645","alcohal"
"33654","alcohal"
"33774","alcohal"
"33800","alcohal"
"34423","alcohal"
"34974","alcohal"
"34987","alcohal"
"35264","alcohal"
"35329","alcohal"
"35354","alcohal"
"35517","alcohal"
"35872","alcohal"
"35930","alcohal"
"36000","alcohal"
"36361","alcohal"
"36416","alcohal"
"36486","alcohal"
"36567","alcohal"
"36582","alcohal"
"36609","alcohal"
"36629","alcohal"
"36669","alcohal"
"36729","alcohal"
"36738","alcohal"
"36744","alcohal"
"36767","alcohal"
"36813","alcohal"
"36833","alcohal"
"36866","alcohal"
"37045","alcohal"
"37082","alcohal"
"37334","alcohal"
"37343","alcohal"
"37351","alcohal"
"37417","alcohal"
"37548","alcohal"
"37962","alcohal"
"38059","alcohal"
"38173","alcohal"
"38269","alcohal"
"38304","alcohal"
"38520","alcohal"
"38524","alcohal"
"38542","alcohal"
"38556","alcohal"
"38635","alcohal"
"38642","alcohal"
"38707","alcohal"
"38824","alcohal"
"39062","alcohal"
"39486","alcohal"
"39554","alcohal"
"39566","alcohal"
"39585","alcohal"
"39612","alcohal"
"39711","alcohal"
"39780","alcohal"
"39855","alcohal"
"39858","alcohal"
"39914","alcohal"
"40147","alcohal"
"40161","alcohal"
"40303","alcohal"
"40347","alcohal"
"40364","alcohal"
"40395","alcohal"
"40523","alcohal"
"40643","alcohal"
"40665","alcohal"
"40679","alcohal"
"40692","alcohal"
"40874","alcohal"
"40904","alcohal"
"40974","alcohal"
"41096","alcohal"
"41184","alcohal"
"41193","alcohal"
"41479","alcohal"
"41683","alcohal"
"41713","alcohal"
"41722","alcohal"
"41865","alcohal"
"41874","alcohal"
"41911","alcohal"
"41945","alcohal"
"42018","alcohal"
"42210","alcohal"
"42228","alcohal"
"42266","alcohal"
"42304","alcohal"
"42342","alcohal"
"42360","alcohal"
"42382","alcohal"
"42525","alcohal"
"42534","alcohal"
"42549","alcohal"
"42611","alcohal"
"42661","alcohal"
"42763","alcohal"
"42858","alcohal"
"42881","alcohal"
"42921","alcohal"
"42948","alcohal"
"42978","alcohal"
"43014","alcohal"
"43132","alcohal"
"43175","alcohal"
"43261","alcohal"
"43270","alcohal"
"43292","alcohal"
"43365","alcohal"
"8627","minimart"
"8970","minimart"
"9027","minimart"
"9674","minimart"
"9864","minimart"
"10157","minimart"
"10360","minimart"
"10397","minimart"
"10499","minimart"
"11192","minimart"
"12759","minimart"
"12777","minimart"
"13210","minimart"
"13765","minimart"
"13916","minimart"
"14130","minimart"
"14197","minimart"
"16626","minimart"
"17251","minimart"
"17409","minimart"
"17903","minimart"
"18124","minimart"
"18679","minimart"
"18748","minimart"
"19639","minimart"
"21176","minimart"
"21742","minimart"
"21981","minimart"
"22508","minimart"
"23871","minimart"
"25202","minimart"
"30625","minimart"
"33198","minimart"
"33689","minimart"
"36123","minimart"
"37123","minimart"
"37124","minimart"
"37871","minimart"
"39338","minimart"
"39859","minimart"
"39861","minimart"
"40308","minimart"
"41936","minimart"
"41960","minimart"
"41991","minimart"
"42161","minimart"
"8267","wash"
"9683","wash"
"10030","wash"
"10041","wash"
"10123","wash"
"10369","wash"
"10693","wash"
"10966","wash"
"11326","wash"
"11485","wash"
"11533","wash"
"11749","wash"
"11758","wash"
"11815","wash"
"11850","wash"
"11887","wash"
"11900","wash"
"11937","wash"
"12106","wash"
"12447","wash"
"12684","wash"
"13207","wash"
"13263","wash"
"13315","wash"
"14315","wash"
"14629","wash"
"15316","wash"
"16062","wash"
"17010","wash"
"17412","wash"
"17460","wash"
"17461","wash"
"17672","wash"
"18670","wash"
"20683","wash"
"21172","wash"
"21505","wash"
"21912","wash"
"22654","wash"
"24000","wash"
"24852","wash"
"26936","wash"
"27989","wash"
"29357","wash"
"31559","wash"
"33025","wash"
"35628","wash"
"35639","wash"
"35691","wash"
"35692","wash"
"35693","wash"
"35694","wash"
"35695","wash"
"35696","wash"
"35697","wash"
"40875","wash"
"40883","wash"
"40922","wash"
"41078","wash"
"41236","wash"
"42064","wash"
"42541","wash"
"42757","wash"
"42849","wash"
"8102","hotel"
"8884","hotel"
"9264","hotel"
"9269","hotel"
"9539","hotel"
"9549","hotel"
"10249","hotel"
"11266","hotel"
"11281","hotel"
"11372","hotel"
"11523","hotel"
"11587","hotel"
"11599","hotel"
"11716","hotel"
"12077","hotel"
"13350","hotel"
"13691","hotel"
"13722","hotel"
"13738","hotel"
"13856","hotel"
"14403","hotel"
"14668","hotel"
"15019","hotel"
"15165","hotel"
"17096","hotel"
"17625","hotel"
"18079","hotel"
"18168","hotel"
"18501","hotel"
"18822","hotel"
"18936","hotel"
"18983","hotel"
"18992","hotel"
"18995","hotel"
"19001","hotel"
"19008","hotel"
"19014","hotel"
"19029","hotel"
"19059","hotel"
"19068","hotel"
"19074","hotel"
"19108","hotel"
"19111","hotel"
"19184","hotel"
"19219","hotel"
"19225","hotel"
"19356","hotel"
"19359","hotel"
"19362","hotel"
"19882","hotel"
"19891","hotel"
"19897","hotel"
"19915","hotel"
"19921","hotel"
"20151","hotel"
"22851","hotel"
"24097","hotel"
"24931","hotel"
"26123","hotel"
"27089","hotel"
"27935","hotel"
"28120","hotel"
"30637","hotel"
"32560","hotel"
"33397","hotel"
"36696","hotel"
"36886","hotel"
"37031","hotel"
"37303","hotel"
"37304","hotel"
"38252","hotel"
"38603","hotel"
"38864","hotel"
"39929","hotel"
"40033","hotel"
"40039","hotel"
"40998","hotel"
"42009","hotel"
"42390","hotel"
"42393","hotel"
"43031","hotel"
"43043","hotel"
"43148","hotel"
"43200","hotel"
"43310","hotel"
"8819","phamacy"
"9060","phamacy"
"9358","phamacy"
"9432","phamacy"
"9437","phamacy"
"9534","phamacy"
"9994","phamacy"
"10094","phamacy"
"10260","phamacy"
"10264","phamacy"
"10333","phamacy"
"10408","phamacy"
"10418","phamacy"
"10502","phamacy"
"10891","phamacy"
"11161","phamacy"
"11168","phamacy"
"11206","phamacy"
"11298","phamacy"
"12745","phamacy"
"13621","phamacy"
"13904","phamacy"
"14649","phamacy"
"18662","phamacy"
"21709","phamacy"
"23664","phamacy"
"25059","phamacy"
"26031","phamacy"
"26339","phamacy"
"26721","phamacy"
"30240","phamacy"
"30896","phamacy"
"31431","phamacy"
"31927","phamacy"
"32185","phamacy"
"32372","phamacy"
"34060","phamacy"
"35065","phamacy"
"35579","phamacy"
"36341","phamacy"
"36655","phamacy"
"36880","phamacy"
"37130","phamacy"
"37861","phamacy"
"38681","phamacy"
"39280","phamacy"
"39374","phamacy"
"40712","phamacy"
"42041","phamacy"
"42362","phamacy"
"42696","phamacy"
"43235","phamacy"
"8511","other"
"8910","other"
"9030","other"
"9046","other"
"9071","other"
"9082","other"
"9176","other"
"9235","other"
"9279","other"
"9471","other"
"9508","other"
"9518","other"
"9564","other"
"9595","other"
"9636","other"
"9711","other"
"9782","other"
"9837","other"
"9848","other"
"9868","other"
"9885","other"
"9889","other"
"9949","other"
"9999","other"
"10002","other"
"10027","other"
"10091","other"
"10154","other"
"10304","other"
"10305","other"
"10324","other"
"10342","other"
"10365","other"
"10451","other"
"10469","other"
"10472","other"
"10473","other"
"10483","other"
"10509","other"
"10558","other"
"10560","other"
"10566","other"
"10570","other"
"10615","other"
"10635","other"
"10662","other"
"10730","other"
"10734","other"
"10800","other"
"10901","other"
"10922","other"
"10934","other"
"10954","other"
"10995","other"
"10996","other"
"11007","other"
"11046","other"
"11079","other"
"11120","other"
"11133","other"
"11158","other"
"11213","other"
"11221","other"
"11269","other"
"11337","other"
"11367","other"
"11383","other"
"11409","other"
"11461","other"
"11472","other"
"11536","other"
"11564","other"
"11566","other"
"11611","other"
"11640","other"
"11643","other"
"11865","other"
"11890","other"
"11892","other"
"11894","other"
"11920","other"
"11981","other"
"11987","other"
"12009","other"
"12027","other"
"12070","other"
"12090","other"
"12122","other"
"12134","other"
"12145","other"
"12160","other"
"12165","other"
"12177","other"
"12180","other"
"12193","other"
"12203","other"
"12208","other"
"12216","other"
"12237","other"
"12244","other"
"12251","other"
"12258","other"
"12266","other"
"12278","other"
"12317","other"
"12357","other"
"12367","other"
"12372","other"
"12457","other"
"12472","other"
"12492","other"
"12577","other"
"12670","other"
"12688","other"
"12716","other"
"12828","other"
"12982","other"
"13062","other"
"13084","other"
"13126","other"
"13244","other"
"13250","other"
"13334","other"
"13352","other"
"13354","other"
"13356","other"
"13541","other"
"13545","other"
"13678","other"
"13704","other"
"13708","other"
"13710","other"
"13712","other"
"13716","other"
"13720","other"
"13875","other"
"13898","other"
"13911","other"
"14025","other"
"14220","other"
"14254","other"
"14324","other"
"14458","other"
"14601","other"
"14652","other"
"14655","other"
"15048","other"
"15097","other"
"15130","other"
"15436","other"
"15484","other"
"15585","other"
"15685","other"
"15821","other"
"15871","other"
"15883","other"
"15892","other"
"15956","other"
"16353","other"
"16620","other"
"16658","other"
"16751","other"
"17045","other"
"17290","other"
"17419","other"
"17528","other"
"17975","other"
"18261","other"
"18270","other"
"18825","other"
"19314","other"
"19341","other"
"19662","other"
"19796","other"
"19936","other"
"19939","other"
"20042","other"
"20207","other"
"20254","other"
"20664","other"
"21104","other"
"21116","other"
"21202","other"
"21217","other"
"21224","other"
"21449","other"
"21567","other"
"22271","other"
"22289","other"
"22317","other"
"22394","other"
"22664","other"
"22731","other"
"22930","other"
"22935","other"
"22946","other"
"22979","other"
"23553","other"
"23966","other"
"24037","other"
"24081","other"
"24139","other"
"24166","other"
"24188","other"
"24276","other"
"24277","other"
"24278","other"
"24279","other"
"24686","other"
"24698","other"
"24723","other"
"24762","other"
"24804","other"
"25109","other"
"25603","other"
"26080","other"
"26175","other"
"26535","other"
"26912","other"
"26979","other"
"27402","other"
"27409","other"
"27459","other"
"27517","other"
"27522","other"
"28259","other"
"28304","other"
"28999","other"
"29008","other"
"29413","other"
"29504","other"
"29591","other"
"30054","other"
"30355","other"
"30808","other"
"31077","other"
"31221","other"
"31291","other"
"31556","other"
"31664","other"
"31688","other"
"31693","other"
"31722","other"
"31915","other"
"32156","other"
"32204","other"
"32444","other"
"32530","other"
"32572","other"
"32641","other"
"32699","other"
"32944","other"
"33005","other"
"33282","other"
"33378","other"
"33388","other"
"33406","other"
"33408","other"
"33630","other"
"33748","other"
"33828","other"
"33839","other"
"35085","other"
"35168","other"
"35283","other"
"35684","other"
"35752","other"
"35770","other"
"36082","other"
"36283","other"
"36303","other"
"36321","other"
"36393","other"
"36633","other"
"36715","other"
"36815","other"
"36819","other"
"36975","other"
"37021","other"
"37035","other"
"37252","other"
"37426","other"
"37572","other"
"37628","other"
"37714","other"
"37857","other"
"37953","other"
"38035","other"
"38309","other"
"38311","other"
"38385","other"
"38486","other"
"38492","other"
"38717","other"
"38755","other"
"38760","other"
"38787","other"
"38796","other"
"38964","other"
"38971","other"
"38990","other"
"39004","other"
"39078","other"
"39262","other"
"39347","other"
"39378","other"
"39527","other"
"39574","other"
"39614","other"
"39672","other"
"39794","other"
"40028","other"
"40129","other"
"40273","other"
"40422","other"
"40458","other"
"40533","other"
"40594","other"
"40763","other"
"40841","other"
"40911","other"
"40966","other"
"40983","other"
"41051","other"
"41202","other"
"41352","other"
"41530","other"
"41897","other"
"42367","other"
"43092","other"
"43247","other"
"8875","delivery"
"9144","delivery"
"9790","delivery"
"10599","delivery"
"10664","delivery"
"10675","delivery"
"11423","delivery"
"13203","delivery"
"16104","delivery"
"16106","delivery"
"17761","delivery"
"18759","delivery"
"20325","delivery"
"20876","delivery"
"21556","delivery"
"24348","delivery"
"32588","delivery"
"32589","delivery"
"8221","cafe"
"8283","cafe"
"8433","cafe"
"8492","cafe"
"8519","cafe"
"8526","cafe"
"8550","cafe"
"8592","cafe"
"8665","cafe"
"8692","cafe"
"8834","cafe"
"8926","cafe"
"8953","cafe"
"8978","cafe"
"8995","cafe"
"9011","cafe"
"9014","cafe"
"9103","cafe"
"9129","cafe"
"9136","cafe"
"9152","cafe"
"9161","cafe"
"9220","cafe"
"9227","cafe"
"9284","cafe"
"9363","cafe"
"9372","cafe"
"9393","cafe"
"9416","cafe"
"9422","cafe"
"9440","cafe"
"9489","cafe"
"9560","cafe"
"9591","cafe"
"9613","cafe"
"9633","cafe"
"9692","cafe"
"9739","cafe"
"9886","cafe"
"9930","cafe"
"9959","cafe"
"10050","cafe"
"10063","cafe"
"10104","cafe"
"10149","cafe"
"10202","cafe"
"10224","cafe"
"10228","cafe"
"10248","cafe"
"10274","cafe"
"10279","cafe"
"10312","cafe"
"10379","cafe"
"10435","cafe"
"10450","cafe"
"10503","cafe"
"10522","cafe"
"10572","cafe"
"10581","cafe"
"10608","cafe"
"10781","cafe"
"10790","cafe"
"10824","cafe"
"10832","cafe"
"10865","cafe"
"10874","cafe"
"10884","cafe"
"10951","cafe"
"10961","cafe"
"10978","cafe"
"11036","cafe"
"11076","cafe"
"11090","cafe"
"11100","cafe"
"11130","cafe"
"11202","cafe"
"11208","cafe"
"11236","cafe"
"11302","cafe"
"11312","cafe"
"11319","cafe"
"11343","cafe"
"11361","cafe"
"11393","cafe"
"11421","cafe"
"11440","cafe"
"11502","cafe"
"11565","cafe"
"11660","cafe"
"11664","cafe"
"11680","cafe"
"11700","cafe"
"11741","cafe"
"11768","cafe"
"11788","cafe"
"11792","cafe"
"11835","cafe"
"11845","cafe"
"11910","cafe"
"11926","cafe"
"11975","cafe"
"11997","cafe"
"12061","cafe"
"12074","cafe"
"12087","cafe"
"12155","cafe"
"12170","cafe"
"12227","cafe"
"12270","cafe"
"12286","cafe"
"12294","cafe"
"12301","cafe"
"12310","cafe"
"12340","cafe"
"12382","cafe"
"12402","cafe"
"12414","cafe"
"12440","cafe"
"12482","cafe"
"12530","cafe"
"12547","cafe"
"12561","cafe"
"12582","cafe"
"12656","cafe"
"12660","cafe"
"12680","cafe"
"12772","cafe"
"12807","cafe"
"12817","cafe"
"12848","cafe"
"12857","cafe"
"12892","cafe"
"12929","cafe"
"12968","cafe"
"13019","cafe"
"13029","cafe"
"13042","cafe"
"13056","cafe"
"13081","cafe"
"13134","cafe"
"13167","cafe"
"13175","cafe"
"13240","cafe"
"13260","cafe"
"13325","cafe"
"13337","cafe"
"13373","cafe"
"13379","cafe"
"13391","cafe"
"13396","cafe"
"13440","cafe"
"13548","cafe"
"13561","cafe"
"13651","cafe"
"13702","cafe"
"13706","cafe"
"13728","cafe"
"13755","cafe"
"13768","cafe"
"13790","cafe"
"13820","cafe"
"13867","cafe"
"13895","cafe"
"13918","cafe"
"13937","cafe"
"13960","cafe"
"13972","cafe"
"13995","cafe"
"14030","cafe"
"14038","cafe"
"14048","cafe"
"14053","cafe"
"14096","cafe"
"14104","cafe"
"14147","cafe"
"14213","cafe"
"14240","cafe"
"14359","cafe"
"14372","cafe"
"14401","cafe"
"14421","cafe"
"14445","cafe"
"14461","cafe"
"14485","cafe"
"14495","cafe"
"14515","cafe"
"14571","cafe"
"14584","cafe"
"14645","cafe"
"14700","cafe"
"14791","cafe"
"14930","cafe"
"14971","cafe"
"14987","cafe"
"14994","cafe"
"15198","cafe"
"15247","cafe"
"15262","cafe"
"15341","cafe"
"15349","cafe"
"15387","cafe"
"15408","cafe"
"15475","cafe"
"15539","cafe"
"15615","cafe"
"15866","cafe"
"16033","cafe"
"16094","cafe"
"16152","cafe"
"16160","cafe"
"16260","cafe"
"16273","cafe"
"16492","cafe"
"16544","cafe"
"16549","cafe"
"16723","cafe"
"16804","cafe"
"16876","cafe"
"16984","cafe"
"17082","cafe"
"17143","cafe"
"17184","cafe"
"17198","cafe"
"17201","cafe"
"17242","cafe"
"17354","cafe"
"17367","cafe"
"17454","cafe"
"17491","cafe"
"17574","cafe"
"17585","cafe"
"17654","cafe"
"17881","cafe"
"17891","cafe"
"17941","cafe"
"18044","cafe"
"18067","cafe"
"18378","cafe"
"18409","cafe"
"18519","cafe"
"18523","cafe"
"18563","cafe"
"18610","cafe"
"18643","cafe"
"18802","cafe"
"18919","cafe"
"18948","cafe"
"19157","cafe"
"19511","cafe"
"19586","cafe"
"19611","cafe"
"19670","cafe"
"19692","cafe"
"19703","cafe"
"19731","cafe"
"19761","cafe"
"19867","cafe"
"20463","cafe"
"20484","cafe"
"20525","cafe"
"20581","cafe"
"20604","cafe"
"20647","cafe"
"20759","cafe"
"20785","cafe"
"20822","cafe"
"20865","cafe"
"20904","cafe"
"20911","cafe"
"20918","cafe"
"21152","cafe"
"21256","cafe"
"21310","cafe"
"21343","cafe"
"21370","cafe"
"21386","cafe"
"21419","cafe"
"21425","cafe"
"21546","cafe"
"21664","cafe"
"21820","cafe"
"21889","cafe"
"21945","cafe"
"22045","cafe"
"22096","cafe"
"22118","cafe"
"22129","cafe"
"22135","cafe"
"22151","cafe"
"22227","cafe"
"22228","cafe"
"22243","cafe"
"22351","cafe"
"22403","cafe"
"22455","cafe"
"22520","cafe"
"22539","cafe"
"22670","cafe"
"22700","cafe"
"22715","cafe"
"22838","cafe"
"22875","cafe"
"22900","cafe"
"22908","cafe"
"22918","cafe"
"22925","cafe"
"23061","cafe"
"23138","cafe"
"23288","cafe"
"23548","cafe"
"23637","cafe"
"23652","cafe"
"23678","cafe"
"23720","cafe"
"23739","cafe"
"23747","cafe"
"23786","cafe"
"23849","cafe"
"23908","cafe"
"24171","cafe"
"24233","cafe"
"24444","cafe"
"24474","cafe"
"24582","cafe"
"24654","cafe"
"24663","cafe"
"24674","cafe"
"24708","cafe"
"24738","cafe"
"24821","cafe"
"25023","cafe"
"25052","cafe"
"25185","cafe"
"25232","cafe"
"25266","cafe"
"25289","cafe"
"25300","cafe"
"25571","cafe"
"25650","cafe"
"25662","cafe"
"25844","cafe"
"25934","cafe"
"26190","cafe"
"26236","cafe"
"26296","cafe"
"26451","cafe"
"26481","cafe"
"26499","cafe"
"26605","cafe"
"26625","cafe"
"26873","cafe"
"27128","cafe"
"27136","cafe"
"27194","cafe"
"27212","cafe"
"27228","cafe"
"27378","cafe"
"27388","cafe"
"27393","cafe"
"27498","cafe"
"27725","cafe"
"27776","cafe"
"27903","cafe"
"27912","cafe"
"28028","cafe"
"28048","cafe"
"28077","cafe"
"28217","cafe"
"28240","cafe"
"28272","cafe"
"28296","cafe"
"28327","cafe"
"28368","cafe"
"28425","cafe"
"28434","cafe"
"28464","cafe"
"28725","cafe"
"28819","cafe"
"28828","cafe"
"28837","cafe"
"28847","cafe"
"28882","cafe"
"28885","cafe"
"29022","cafe"
"29158","cafe"
"29215","cafe"
"29290","cafe"
"29352","cafe"
"29433","cafe"
"29681","cafe"
"29769","cafe"
"29975","cafe"
"30090","cafe"
"30104","cafe"
"30179","cafe"
"30346","cafe"
"30482","cafe"
"30486","cafe"
"30495","cafe"
"30537","cafe"
"30584","cafe"
"30610","cafe"
"30690","cafe"
"30700","cafe"
"30725","cafe"
"30736","cafe"
"30745","cafe"
"30750","cafe"
"30768","cafe"
"30814","cafe"
"30865","cafe"
"30905","cafe"
"31042","cafe"
"31300","cafe"
"31351","cafe"
"31352","cafe"
"31353","cafe"
"31354","cafe"
"31380","cafe"
"31491","cafe"
"31619","cafe"
"31669","cafe"
"31873","cafe"
"31948","cafe"
"32168","cafe"
"32232","cafe"
"32297","cafe"
"32430","cafe"
"32513","cafe"
"32529","cafe"
"32536","cafe"
"32545","cafe"
"32685","cafe"
"32859","cafe"
"32882","cafe"
"33038","cafe"
"33064","cafe"
"33212","cafe"
"33228","cafe"
"33470","cafe"
"33581","cafe"
"33599","cafe"
"33609","cafe"
"33614","cafe"
"33697","cafe"
"33760","cafe"
"33809","cafe"
"34040","cafe"
"34374","cafe"
"35147","cafe"
"35273","cafe"
"35357","cafe"
"35371","cafe"
"35378","cafe"
"35451","cafe"
"35484","cafe"
"35561","cafe"
"35577","cafe"
"35593","cafe"
"35608","cafe"
"35658","cafe"
"35689","cafe"
"35706","cafe"
"35808","cafe"
"35855","cafe"
"35885","cafe"
"35911","cafe"
"35946","cafe"
"36051","cafe"
"36115","cafe"
"36130","cafe"
"36191","cafe"
"36222","cafe"
"36236","cafe"
"36352","cafe"
"36402","cafe"
"36541","cafe"
"36678","cafe"
"36710","cafe"
"36724","cafe"
"36753","cafe"
"36781","cafe"
"36912","cafe"
"36918","cafe"
"36953","cafe"
"37000","cafe"
"37060","cafe"
"37152","cafe"
"37160","cafe"
"37217","cafe"
"37257","cafe"
"37317","cafe"
"37382","cafe"
"37395","cafe"
"37483","cafe"
"37500","cafe"
"37516","cafe"
"37563","cafe"
"37582","cafe"
"37689","cafe"
"37810","cafe"
"37819","cafe"
"37827","cafe"
"37848","cafe"
"38040","cafe"
"38049","cafe"
"38069","cafe"
"38084","cafe"
"38261","cafe"
"38295","cafe"
"38332","cafe"
"38547","cafe"
"38591","cafe"
"38596","cafe"
"38838","cafe"
"38886","cafe"
"38894","cafe"
"38901","cafe"
"38969","cafe"
"39009","cafe"
"39083","cafe"
"39114","cafe"
"39142","cafe"
"39194","cafe"
"39214","cafe"
"39215","cafe"
"39545","cafe"
"39831","cafe"
"40079","cafe"
"40094","cafe"
"40356","cafe"
"40432","cafe"
"40473","cafe"
"40483","cafe"
"40492","cafe"
"40627","cafe"
"40682","cafe"
"40807","cafe"
"40897","cafe"
"41008","cafe"
"41037","cafe"
"41138","cafe"
"41251","cafe"
"41263","cafe"
"41333","cafe"
"41436","cafe"
"41614","cafe"
"41691","cafe"
"41779","cafe"
"41814","cafe"
"41883","cafe"
"42097","cafe"
"42098","cafe"
"42245","cafe"
"42435","cafe"
"42464","cafe"
"42953","cafe"
"42962","cafe"
"43067","cafe"
"43093","cafe"
"43099","cafe"
"43252","cafe"
"8058","food"
"8082","food"
"8229","food"
"8242","food"
"8437","food"
"8486","food"
"8533","food"
"8560","food"
"8567","food"
"8606","food"
"8614","food"
"8641","food"
"8682","food"
"8750","food"
"8827","food"
"8853","food"
"8940","food"
"8948","food"
"8971","food"
"8985","food"
"9008","food"
"9042","food"
"9056","food"
"9067","food"
"9100","food"
"9189","food"
"9210","food"
"9242","food"
"9291","food"
"9297","food"
"9307","food"
"9316","food"
"9335","food"
"9348","food"
"9355","food"
"9406","food"
"9411","food"
"9450","food"
"9461","food"
"9481","food"
"9499","food"
"9604","food"
"9623","food"
"9640","food"
"9662","food"
"9663","food"
"9667","food"
"9701","food"
"9728","food"
"9767","food"
"9796","food"
"9805","food"
"9815","food"
"9820","food"
"9836","food"
"9881","food"
"9899","food"
"9911","food"
"9931","food"
"9942","food"
"9961","food"
"9972","food"
"9984","food"
"10013","food"
"10023","food"
"10054","food"
"10072","food"
"10142","food"
"10167","food"
"10177","food"
"10182","food"
"10192","food"
"10212","food"
"10216","food"
"10238","food"
"10243","food"
"10286","food"
"10314","food"
"10389","food"
"10420","food"
"10423","food"
"10457","food"
"10490","food"
"10512","food"
"10531","food"
"10540","food"
"10550","food"
"10598","food"
"10617","food"
"10627","food"
"10644","food"
"10651","food"
"10683","food"
"10692","food"
"10705","food"
"10722","food"
"10723","food"
"10750","food"
"10773","food"
"10774","food"
"10808","food"
"10811","food"
"10847","food"
"10857","food"
"10870","food"
"10888","food"
"10942","food"
"10975","food"
"10985","food"
"11012","food"
"11069","food"
"11103","food"
"11106","food"
"11156","food"
"11239","food"
"11265","food"
"11296","food"
"11305","food"
"11353","food"
"11362","food"
"11378","food"
"11392","food"
"11404","food"
"11419","food"
"11450","food"
"11500","food"
"11521","food"
"11532","food"
"11546","food"
"11548","food"
"11571","food"
"11583","food"
"11601","food"
"11629","food"
"11653","food"
"11683","food"
"11688","food"
"11692","food"
"11712","food"
"11726","food"
"11735","food"
"11784","food"
"11803","food"
"11813","food"
"11825","food"
"11856","food"
"11884","food"
"11930","food"
"11941","food"
"11951","food"
"11965","food"
"12005","food"
"12028","food"
"12038","food"
"12050","food"
"12051","food"
"12113","food"
"12128","food"
"12131","food"
"12333","food"
"12350","food"
"12387","food"
"12395","food"
"12411","food"
"12427","food"
"12434","food"
"12453","food"
"12469","food"
"12511","food"
"12540","food"
"12566","food"
"12595","food"
"12606","food"
"12633","food"
"12640","food"
"12650","food"
"12699","food"
"12709","food"
"12739","food"
"12787","food"
"12797","food"
"12853","food"
"12869","food"
"12877","food"
"12882","food"
"12913","food"
"12922","food"
"12936","food"
"12949","food"
"12964","food"
"12972","food"
"13078","food"
"13088","food"
"13106","food"
"13116","food"
"13226","food"
"13282","food"
"13288","food"
"13305","food"
"13347","food"
"13402","food"
"13410","food"
"13420","food"
"13429","food"
"13455","food"
"13463","food"
"13497","food"
"13538","food"
"13557","food"
"13564","food"
"13573","food"
"13625","food"
"13655","food"
"13681","food"
"13714","food"
"13743","food"
"13779","food"
"13834","food"
"13842","food"
"13864","food"
"13909","food"
"13930","food"
"13952","food"
"13969","food"
"13981","food"
"13987","food"
"14005","food"
"14064","food"
"14089","food"
"14092","food"
"14111","food"
"14121","food"
"14138","food"
"14157","food"
"14165","food"
"14174","food"
"14203","food"
"14216","food"
"14249","food"
"14259","food"
"14269","food"
"14276","food"
"14295","food"
"14298","food"
"14308","food"
"14375","food"
"14388","food"
"14396","food"
"14412","food"
"14418","food"
"14436","food"
"14449","food"
"14455","food"
"14505","food"
"14527","food"
"14545","food"
"14553","food"
"14591","food"
"14594","food"
"14619","food"
"14639","food"
"14664","food"
"14666","food"
"14690","food"
"14803","food"
"14813","food"
"14821","food"
"14845","food"
"14852","food"
"14867","food"
"14894","food"
"14913","food"
"15010","food"
"15011","food"
"15025","food"
"15063","food"
"15078","food"
"15079","food"
"15091","food"
"15110","food"
"15146","food"
"15325","food"
"15361","food"
"15374","food"
"15422","food"
"15499","food"
"15513","food"
"15544","food"
"15556","food"
"15605","food"
"15662","food"
"15677","food"
"15734","food"
"15748","food"
"15757","food"
"15814","food"
"15832","food"
"15992","food"
"16003","food"
"16004","food"
"16019","food"
"16044","food"
"16216","food"
"16249","food"
"16319","food"
"16380","food"
"16390","food"
"16413","food"
"16434","food"
"16533","food"
"16577","food"
"16596","food"
"16671","food"
"16683","food"
"16690","food"
"16698","food"
"16763","food"
"16765","food"
"16779","food"
"16788","food"
"16809","food"
"16880","food"
"16894","food"
"16906","food"
"16955","food"
"16970","food"
"16996","food"
"17022","food"
"17104","food"
"17112","food"
"17163","food"
"17213","food"
"17235","food"
"17268","food"
"17300","food"
"17313","food"
"17335","food"
"17340","food"
"17343","food"
"17378","food"
"17399","food"
"17504","food"
"17508","food"
"17552","food"
"17611","food"
"17666","food"
"17671","food"
"17727","food"
"17793","food"
"17811","food"
"17953","food"
"18113","food"
"18134","food"
"18189","food"
"18199","food"
"18278","food"
"18292","food"
"18350","food"
"18366","food"
"18388","food"
"18419","food"
"18465","food"
"18478","food"
"18492","food"
"18494","food"
"18560","food"
"18569","food"
"18618","food"
"18648","food"
"18657","food"
"18698","food"
"18728","food"
"18753","food"
"18763","food"
"18787","food"
"18792","food"
"18837","food"
"18892","food"
"18926","food"
"19050","food"
"19131","food"
"19168","food"
"19280","food"
"19305","food"
"19371","food"
"19393","food"
"19436","food"
"19465","food"
"19469","food"
"19522","food"
"19540","food"
"19573","food"
"19638","food"
"19715","food"
"19724","food"
"19745","food"
"19773","food"
"19816","food"
"19853","food"
"19954","food"
"20086","food"
"20162","food"
"20182","food"
"20229","food"
"20280","food"
"20284","food"
"20292","food"
"20336","food"
"20349","food"
"20356","food"
"20410","food"
"20422","food"
"20456","food"
"20496","food"
"20515","food"
"20547","food"
"20558","food"
"20594","food"
"20634","food"
"20698","food"
"20711","food"
"20719","food"
"20731","food"
"20771","food"
"20777","food"
"20844","food"
"20860","food"
"20871","food"
"20897","food"
"20975","food"
"21043","food"
"21070","food"
"21134","food"
"21136","food"
"21142","food"
"21298","food"
"21350","food"
"21356","food"
"21398","food"
"21481","food"
"21495","food"
"21520","food"
"21528","food"
"21602","food"
"21609","food"
"21616","food"
"21635","food"
"21640","food"
"21671","food"
"21683","food"
"21686","food"
"21693","food"
"21704","food"
"21775","food"
"21791","food"
"21809","food"
"21823","food"
"21856","food"
"21861","food"
"21935","food"
"21942","food"
"21956","food"
"21970","food"
"22052","food"
"22060","food"
"22066","food"
"22104","food"
"22110","food"
"22140","food"
"22185","food"
"22197","food"
"22259","food"
"22268","food"
"22302","food"
"22366","food"
"22399","food"
"22412","food"
"22447","food"
"22530","food"
"22591","food"
"22596","food"
"22629","food"
"22661","food"
"22681","food"
"22682","food"
"22705","food"
"22743","food"
"22771","food"
"22778","food"
"22805","food"
"22819","food"
"22883","food"
"22964","food"
"22974","food"
"23013","food"
"23019","food"
"23088","food"
"23103","food"
"23179","food"
"23223","food"
"23233","food"
"23257","food"
"23308","food"
"23361","food"
"23382","food"
"23416","food"
"23443","food"
"23487","food"
"23492","food"
"23505","food"
"23562","food"
"23566","food"
"23573","food"
"23584","food"
"23613","food"
"23669","food"
"23691","food"
"23706","food"
"23759","food"
"23774","food"
"23799","food"
"23901","food"
"23902","food"
"23903","food"
"23904","food"
"23938","food"
"23977","food"
"24040","food"
"24087","food"
"24111","food"
"24120","food"
"24161","food"
"24179","food"
"24193","food"
"24222","food"
"24223","food"
"24242","food"
"24292","food"
"24297","food"
"24315","food"
"24354","food"
"24453","food"
"24501","food"
"24515","food"
"24523","food"
"24527","food"
"24549","food"
"24580","food"
"24597","food"
"24606","food"
"24624","food"
"24733","food"
"24743","food"
"24753","food"
"24800","food"
"24829","food"
"24843","food"
"24880","food"
"24889","food"
"24918","food"
"24975","food"
"24980","food"
"25043","food"
"25071","food"
"25088","food"
"25152","food"
"25162","food"
"25171","food"
"25193","food"
"25237","food"
"25250","food"
"25309","food"
"25314","food"
"25328","food"
"25353","food"
"25363","food"
"25372","food"
"25381","food"
"25393","food"
"25402","food"
"25482","food"
"25507","food"
"25529","food"
"25551","food"
"25567","food"
"25580","food"
"25585","food"
"25594","food"
"25610","food"
"25628","food"
"25637","food"
"25671","food"
"25676","food"
"25706","food"
"25715","food"
"25724","food"
"25739","food"
"25767","food"
"25776","food"
"25781","food"
"25786","food"
"25811","food"
"25819","food"
"25838","food"
"25853","food"
"25887","food"
"25899","food"
"25973","food"
"25998","food"
"26005","food"
"26049","food"
"26066","food"
"26098","food"
"26103","food"
"26137","food"
"26161","food"
"26199","food"
"26228","food"
"26245","food"
"26254","food"
"26268","food"
"26286","food"
"26379","food"
"26384","food"
"26389","food"
"26403","food"
"26460","food"
"26490","food"
"26530","food"
"26540","food"
"26586","food"
"26596","food"
"26634","food"
"26643","food"
"26652","food"
"26658","food"
"26698","food"
"26730","food"
"26736","food"
"26744","food"
"26753","food"
"26758","food"
"26770","food"
"26832","food"
"26861","food"
"26868","food"
"26904","food"
"26931","food"
"26945","food"
"26972","food"
"27017","food"
"27039","food"
"27054","food"
"27098","food"
"27135","food"
"27172","food"
"27191","food"
"27238","food"
"27332","food"
"27451","food"
"27457","food"
"27475","food"
"27531","food"
"27540","food"
"27549","food"
"27580","food"
"27589","food"
"27624","food"
"27633","food"
"27642","food"
"27669","food"
"27675","food"
"27710","food"
"27716","food"
"27763","food"
"27797","food"
"27819","food"
"27836","food"
"27889","food"
"27898","food"
"27921","food"
"27942","food"
"27952","food"
"27954","food"
"27963","food"
"27970","food"
"27982","food"
"27984","food"
"28057","food"
"28104","food"
"28115","food"
"28146","food"
"28155","food"
"28166","food"
"28183","food"
"28188","food"
"28208","food"
"28222","food"
"28231","food"
"28248","food"
"28322","food"
"28351","food"
"28360","food"
"28364","food"
"28383","food"
"28456","food"
"28466","food"
"28503","food"
"28522","food"
"28551","food"
"28582","food"
"28632","food"
"28684","food"
"28693","food"
"28696","food"
"28697","food"
"28708","food"
"28714","food"
"28734","food"
"28790","food"
"28798","food"
"28810","food"
"28842","food"
"28856","food"
"28905","food"
"28919","food"
"28936","food"
"28953","food"
"28975","food"
"29029","food"
"29042","food"
"29068","food"
"29078","food"
"29096","food"
"29111","food"
"29116","food"
"29124","food"
"29146","food"
"29167","food"
"29172","food"
"29181","food"
"29195","food"
"29281","food"
"29295","food"
"29328","food"
"29340","food"
"29353","food"
"29379","food"
"29384","food"
"29422","food"
"29442","food"
"29451","food"
"29516","food"
"29560","food"
"29565","food"
"29579","food"
"29600","food"
"29605","food"
"29627","food"
"29630","food"
"29639","food"
"29649","food"
"29654","food"
"29735","food"
"29746","food"
"29755","food"
"29765","food"
"29767","food"
"29839","food"
"29866","food"
"29888","food"
"29912","food"
"29921","food"
"29950","food"
"29988","food"
"30018","food"
"30027","food"
"30066","food"
"30113","food"
"30122","food"
"30221","food"
"30224","food"
"30235","food"
"30250","food"
"30261","food"
"30268","food"
"30293","food"
"30302","food"
"30311","food"
"30364","food"
"30414","food"
"30428","food"
"30438","food"
"30447","food"
"30456","food"
"30463","food"
"30504","food"
"30513","food"
"30549","food"
"30558","food"
"30594","food"
"30633","food"
"30654","food"
"30668","food"
"30716","food"
"30831","food"
"30836","food"
"30838","food"
"30847","food"
"30887","food"
"30920","food"
"30964","food"
"31036","food"
"31094","food"
"31103","food"
"31112","food"
"31119","food"
"31208","food"
"31213","food"
"31243","food"
"31253","food"
"31342","food"
"31391","food"
"31411","food"
"31420","food"
"31429","food"
"31460","food"
"31469","food"
"31478","food"
"31480","food"
"31508","food"
"31582","food"
"31606","food"
"31629","food"
"31634","food"
"31636","food"
"31725","food"
"31727","food"
"31735","food"
"31740","food"
"31750","food"
"31766","food"
"31855","food"
"31881","food"
"31890","food"
"31922","food"
"31938","food"
"31943","food"
"31961","food"
"31962","food"
"31972","food"
"32005","food"
"32011","food"
"32036","food"
"32060","food"
"32106","food"
"32115","food"
"32146","food"
"32151","food"
"32178","food"
"32213","food"
"32222","food"
"32227","food"
"32267","food"
"32276","food"
"32302","food"
"32325","food"
"32334","food"
"32343","food"
"32421","food"
"32453","food"
"32462","food"
"32479","food"
"32485","food"
"32619","food"
"32628","food"
"32637","food"
"32708","food"
"32713","food"
"32725","food"
"32809","food"
"32893","food"
"32898","food"
"32920","food"
"32964","food"
"32984","food"
"33076","food"
"33090","food"
"33117","food"
"33151","food"
"33156","food"
"33165","food"
"33174","food"
"33183","food"
"33203","food"
"33261","food"
"33286","food"
"33314","food"
"33323","food"
"33402","food"
"33449","food"
"33475","food"
"33513","food"
"33567","food"
"33576","food"
"33586","food"
"33640","food"
"33673","food"
"33682","food"
"33720","food"
"33728","food"
"33733","food"
"33736","food"
"33742","food"
"33765","food"
"33814","food"
"33823","food"
"34049","food"
"35040","food"
"35049","food"
"35075","food"
"35111","food"
"35116","food"
"35125","food"
"35132","food"
"35141","food"
"35212","food"
"35233","food"
"35242","food"
"35304","food"
"35313","food"
"35320","food"
"35340","food"
"35387","food"
"35408","food"
"35418","food"
"35427","food"
"35442","food"
"35477","food"
"35524","food"
"35584","food"
"35616","food"
"35667","food"
"35676","food"
"35708","food"
"35713","food"
"35743","food"
"35790","food"
"35840","food"
"35867","food"
"35920","food"
"35929","food"
"35961","food"
"35981","food"
"35989","food"
"36018","food"
"36056","food"
"36063","food"
"36087","food"
"36095","food"
"36165","food"
"36170","food"
"36184","food"
"36198","food"
"36203","food"
"36245","food"
"36312","food"
"36366","food"
"36371","food"
"36384","food"
"36407","food"
"36456","food"
"36463","food"
"36468","food"
"36482","food"
"36508","food"
"36515","food"
"36535","food"
"36660","food"
"36687","food"
"36705","food"
"36772","food"
"36786","food"
"36829","food"
"36857","food"
"36875","food"
"36903","food"
"36927","food"
"36944","food"
"36995","food"
"37053","food"
"37086","food"
"37102","food"
"37106","food"
"37139","food"
"37147","food"
"37192","food"
"37329","food"
"37373","food"
"37387","food"
"37444","food"
"37452","food"
"37492","food"
"37509","food"
"37525","food"
"37591","food"
"37609","food"
"37614","food"
"37623","food"
"37636","food"
"37654","food"
"37673","food"
"37678","food"
"37696","food"
"37705","food"
"37733","food"
"37743","food"
"37752","food"
"37759","food"
"37799","food"
"37853","food"
"37877","food"
"37886","food"
"37900","food"
"37909","food"
"37972","food"
"37987","food"
"37992","food"
"38021","food"
"38030","food"
"38058","food"
"38113","food"
"38119","food"
"38193","food"
"38224","food"
"38232","food"
"38278","food"
"38283","food"
"38340","food"
"38359","food"
"38376","food"
"38409","food"
"38449","food"
"38472","food"
"38489","food"
"38495","food"
"38561","food"
"38577","food"
"38582","food"
"38725","food"
"38766","food"
"38774","food"
"38806","food"
"38906","food"
"38937","food"
"38953","food"
"38998","food"
"39053","food"
"39068","food"
"39109","food"
"39174","food"
"39212","food"
"39225","food"
"39249","food"
"39258","food"
"39291","food"
"39327","food"
"39396","food"
"39429","food"
"39468","food"
"39594","food"
"39603","food"
"39646","food"
"39655","food"
"39664","food"
"39684","food"
"39693","food"
"39718","food"
"39762","food"
"39826","food"
"39838","food"
"39912","food"
"39942","food"
"39956","food"
"39976","food"
"39985","food"
"40087","food"
"40103","food"
"40117","food"
"40259","food"
"40268","food"
"40278","food"
"40331","food"
"40337","food"
"40372","food"
"40472","food"
"40506","food"
"40516","food"
"40551","food"
"40558","food"
"40581","food"
"40618","food"
"40653","food"
"40701","food"
"40706","food"
"40718","food"
"40739","food"
"40757","food"
"40785","food"
"40790","food"
"40793","food"
"40802","food"
"40816","food"
"40832","food"
"40850","food"
"40857","food"
"40866","food"
"40925","food"
"40957","food"
"40988","food"
"41046","food"
"41060","food"
"41069","food"
"41074","food"
"41128","food"
"41133","food"
"41246","food"
"41273","food"
"41282","food"
"41300","food"
"41309","food"
"41382","food"
"41391","food"
"41402","food"
"41409","food"
"41461","food"
"41470","food"
"41493","food"
"41570","food"
"41579","food"
"41596","food"
"41638","food"
"41647","food"
"41700","food"
"41740","food"
"41769","food"
"41788","food"
"41847","food"
"41892","food"
"41923","food"
"41953","food"
"41968","food"
"42023","food"
"42032","food"
"42125","food"
"42167","food"
"42192","food"
"42258","food"
"42286","food"
"42311","food"
"42320","food"
"42328","food"
"42426","food"
"42455","food"
"42472","food"
"42490","food"
"42499","food"
"42570","food"
"42602","food"
"42623","food"
"42630","food"
"42652","food"
"42682","food"
"42727","food"
"42744","food"
"42774","food"
"42789","food"
"42794","food"
"42804","food"
"42814","food"
"42823","food"
"42837","food"
"42873","food"
"42890","food"
"42895","food"
"42904","food"
"42914","food"
"43059","food"
"43085","food"
"43114","food"
"43123","food"
"43139","food"
"43187","food"
"43218","food"
"43278","food"
"43287","food"
"43322","food"
"43330","food"
"43338","food"
"43341","food"
"43354","food"
"43378","food"
"43390","food"
"10672","%e0%b9%80%e0%b8%8b%e0%b9%89%e0%b8%87%e0%b9%80%e0%b8%89%e0%b8%9e%e0%b8%b2%e0%b8%b0%e0%b8%9e%e0%b8%b7%e0%b9%89%e0%b8%99%e0%b8%97%e0%b8%b5%e0%b9%88"
"11015","%e0%b9%80%e0%b8%8b%e0%b9%89%e0%b8%87%e0%b9%80%e0%b8%89%e0%b8%9e%e0%b8%b2%e0%b8%b0%e0%b8%9e%e0%b8%b7%e0%b9%89%e0%b8%99%e0%b8%97%e0%b8%b5%e0%b9%88"
"11288","%e0%b9%80%e0%b8%8b%e0%b9%89%e0%b8%87%e0%b9%80%e0%b8%89%e0%b8%9e%e0%b8%b2%e0%b8%b0%e0%b8%9e%e0%b8%b7%e0%b9%89%e0%b8%99%e0%b8%97%e0%b8%b5%e0%b9%88"
"12197","%e0%b9%80%e0%b8%8b%e0%b9%89%e0%b8%87%e0%b9%80%e0%b8%89%e0%b8%9e%e0%b8%b2%e0%b8%b0%e0%b8%9e%e0%b8%b7%e0%b9%89%e0%b8%99%e0%b8%97%e0%b8%b5%e0%b9%88"
"13297","%e0%b9%80%e0%b8%8b%e0%b9%89%e0%b8%87%e0%b9%80%e0%b8%89%e0%b8%9e%e0%b8%b2%e0%b8%b0%e0%b8%9e%e0%b8%b7%e0%b9%89%e0%b8%99%e0%b8%97%e0%b8%b5%e0%b9%88"
"13750","%e0%b9%80%e0%b8%8b%e0%b9%89%e0%b8%87%e0%b9%80%e0%b8%89%e0%b8%9e%e0%b8%b2%e0%b8%b0%e0%b8%9e%e0%b8%b7%e0%b9%89%e0%b8%99%e0%b8%97%e0%b8%b5%e0%b9%88"
"13799","%e0%b9%80%e0%b8%8b%e0%b9%89%e0%b8%87%e0%b9%80%e0%b8%89%e0%b8%9e%e0%b8%b2%e0%b8%b0%e0%b8%9e%e0%b8%b7%e0%b9%89%e0%b8%99%e0%b8%97%e0%b8%b5%e0%b9%88"
"14670","%e0%b9%80%e0%b8%8b%e0%b9%89%e0%b8%87%e0%b9%80%e0%b8%89%e0%b8%9e%e0%b8%b2%e0%b8%b0%e0%b8%9e%e0%b8%b7%e0%b9%89%e0%b8%99%e0%b8%97%e0%b8%b5%e0%b9%88"
"14672","%e0%b9%80%e0%b8%8b%e0%b9%89%e0%b8%87%e0%b9%80%e0%b8%89%e0%b8%9e%e0%b8%b2%e0%b8%b0%e0%b8%9e%e0%b8%b7%e0%b9%89%e0%b8%99%e0%b8%97%e0%b8%b5%e0%b9%88"
"15280","%e0%b9%80%e0%b8%8b%e0%b9%89%e0%b8%87%e0%b9%80%e0%b8%89%e0%b8%9e%e0%b8%b2%e0%b8%b0%e0%b8%9e%e0%b8%b7%e0%b9%89%e0%b8%99%e0%b8%97%e0%b8%b5%e0%b9%88"
"15874","%e0%b9%80%e0%b8%8b%e0%b9%89%e0%b8%87%e0%b9%80%e0%b8%89%e0%b8%9e%e0%b8%b2%e0%b8%b0%e0%b8%9e%e0%b8%b7%e0%b9%89%e0%b8%99%e0%b8%97%e0%b8%b5%e0%b9%88"
"16056","%e0%b9%80%e0%b8%8b%e0%b9%89%e0%b8%87%e0%b9%80%e0%b8%89%e0%b8%9e%e0%b8%b2%e0%b8%b0%e0%b8%9e%e0%b8%b7%e0%b9%89%e0%b8%99%e0%b8%97%e0%b8%b5%e0%b9%88"
"17749","%e0%b9%80%e0%b8%8b%e0%b9%89%e0%b8%87%e0%b9%80%e0%b8%89%e0%b8%9e%e0%b8%b2%e0%b8%b0%e0%b8%9e%e0%b8%b7%e0%b9%89%e0%b8%99%e0%b8%97%e0%b8%b5%e0%b9%88"
"17794","%e0%b9%80%e0%b8%8b%e0%b9%89%e0%b8%87%e0%b9%80%e0%b8%89%e0%b8%9e%e0%b8%b2%e0%b8%b0%e0%b8%9e%e0%b8%b7%e0%b9%89%e0%b8%99%e0%b8%97%e0%b8%b5%e0%b9%88"
"18776","%e0%b9%80%e0%b8%8b%e0%b9%89%e0%b8%87%e0%b9%80%e0%b8%89%e0%b8%9e%e0%b8%b2%e0%b8%b0%e0%b8%9e%e0%b8%b7%e0%b9%89%e0%b8%99%e0%b8%97%e0%b8%b5%e0%b9%88"
"18843","%e0%b9%80%e0%b8%8b%e0%b9%89%e0%b8%87%e0%b9%80%e0%b8%89%e0%b8%9e%e0%b8%b2%e0%b8%b0%e0%b8%9e%e0%b8%b7%e0%b9%89%e0%b8%99%e0%b8%97%e0%b8%b5%e0%b9%88"
"18846","%e0%b9%80%e0%b8%8b%e0%b9%89%e0%b8%87%e0%b9%80%e0%b8%89%e0%b8%9e%e0%b8%b2%e0%b8%b0%e0%b8%9e%e0%b8%b7%e0%b9%89%e0%b8%99%e0%b8%97%e0%b8%b5%e0%b9%88"
"18880","%e0%b9%80%e0%b8%8b%e0%b9%89%e0%b8%87%e0%b9%80%e0%b8%89%e0%b8%9e%e0%b8%b2%e0%b8%b0%e0%b8%9e%e0%b8%b7%e0%b9%89%e0%b8%99%e0%b8%97%e0%b8%b5%e0%b9%88"
"18883","%e0%b9%80%e0%b8%8b%e0%b9%89%e0%b8%87%e0%b9%80%e0%b8%89%e0%b8%9e%e0%b8%b2%e0%b8%b0%e0%b8%9e%e0%b8%b7%e0%b9%89%e0%b8%99%e0%b8%97%e0%b8%b5%e0%b9%88"
"19038","%e0%b9%80%e0%b8%8b%e0%b9%89%e0%b8%87%e0%b9%80%e0%b8%89%e0%b8%9e%e0%b8%b2%e0%b8%b0%e0%b8%9e%e0%b8%b7%e0%b9%89%e0%b8%99%e0%b8%97%e0%b8%b5%e0%b9%88"
"19077","%e0%b9%80%e0%b8%8b%e0%b9%89%e0%b8%87%e0%b9%80%e0%b8%89%e0%b8%9e%e0%b8%b2%e0%b8%b0%e0%b8%9e%e0%b8%b7%e0%b9%89%e0%b8%99%e0%b8%97%e0%b8%b5%e0%b9%88"
"19308","%e0%b9%80%e0%b8%8b%e0%b9%89%e0%b8%87%e0%b9%80%e0%b8%89%e0%b8%9e%e0%b8%b2%e0%b8%b0%e0%b8%9e%e0%b8%b7%e0%b9%89%e0%b8%99%e0%b8%97%e0%b8%b5%e0%b9%88"
"19329","%e0%b9%80%e0%b8%8b%e0%b9%89%e0%b8%87%e0%b9%80%e0%b8%89%e0%b8%9e%e0%b8%b2%e0%b8%b0%e0%b8%9e%e0%b8%b7%e0%b9%89%e0%b8%99%e0%b8%97%e0%b8%b5%e0%b9%88"
"19332","%e0%b9%80%e0%b8%8b%e0%b9%89%e0%b8%87%e0%b9%80%e0%b8%89%e0%b8%9e%e0%b8%b2%e0%b8%b0%e0%b8%9e%e0%b8%b7%e0%b9%89%e0%b8%99%e0%b8%97%e0%b8%b5%e0%b9%88"
"19344","%e0%b9%80%e0%b8%8b%e0%b9%89%e0%b8%87%e0%b9%80%e0%b8%89%e0%b8%9e%e0%b8%b2%e0%b8%b0%e0%b8%9e%e0%b8%b7%e0%b9%89%e0%b8%99%e0%b8%97%e0%b8%b5%e0%b9%88"
"19365","%e0%b9%80%e0%b8%8b%e0%b9%89%e0%b8%87%e0%b9%80%e0%b8%89%e0%b8%9e%e0%b8%b2%e0%b8%b0%e0%b8%9e%e0%b8%b7%e0%b9%89%e0%b8%99%e0%b8%97%e0%b8%b5%e0%b9%88"
"19876","%e0%b9%80%e0%b8%8b%e0%b9%89%e0%b8%87%e0%b9%80%e0%b8%89%e0%b8%9e%e0%b8%b2%e0%b8%b0%e0%b8%9e%e0%b8%b7%e0%b9%89%e0%b8%99%e0%b8%97%e0%b8%b5%e0%b9%88"
"19879","%e0%b9%80%e0%b8%8b%e0%b9%89%e0%b8%87%e0%b9%80%e0%b8%89%e0%b8%9e%e0%b8%b2%e0%b8%b0%e0%b8%9e%e0%b8%b7%e0%b9%89%e0%b8%99%e0%b8%97%e0%b8%b5%e0%b9%88"
"19903","%e0%b9%80%e0%b8%8b%e0%b9%89%e0%b8%87%e0%b9%80%e0%b8%89%e0%b8%9e%e0%b8%b2%e0%b8%b0%e0%b8%9e%e0%b8%b7%e0%b9%89%e0%b8%99%e0%b8%97%e0%b8%b5%e0%b9%88"
"19906","%e0%b9%80%e0%b8%8b%e0%b9%89%e0%b8%87%e0%b9%80%e0%b8%89%e0%b8%9e%e0%b8%b2%e0%b8%b0%e0%b8%9e%e0%b8%b7%e0%b9%89%e0%b8%99%e0%b8%97%e0%b8%b5%e0%b9%88"
"19930","%e0%b9%80%e0%b8%8b%e0%b9%89%e0%b8%87%e0%b9%80%e0%b8%89%e0%b8%9e%e0%b8%b2%e0%b8%b0%e0%b8%9e%e0%b8%b7%e0%b9%89%e0%b8%99%e0%b8%97%e0%b8%b5%e0%b9%88"
"20385","%e0%b9%80%e0%b8%8b%e0%b9%89%e0%b8%87%e0%b9%80%e0%b8%89%e0%b8%9e%e0%b8%b2%e0%b8%b0%e0%b8%9e%e0%b8%b7%e0%b9%89%e0%b8%99%e0%b8%97%e0%b8%b5%e0%b9%88"
"21089","%e0%b9%80%e0%b8%8b%e0%b9%89%e0%b8%87%e0%b9%80%e0%b8%89%e0%b8%9e%e0%b8%b2%e0%b8%b0%e0%b8%9e%e0%b8%b7%e0%b9%89%e0%b8%99%e0%b8%97%e0%b8%b5%e0%b9%88"
"21094","%e0%b9%80%e0%b8%8b%e0%b9%89%e0%b8%87%e0%b9%80%e0%b8%89%e0%b8%9e%e0%b8%b2%e0%b8%b0%e0%b8%9e%e0%b8%b7%e0%b9%89%e0%b8%99%e0%b8%97%e0%b8%b5%e0%b9%88"
"21264","%e0%b9%80%e0%b8%8b%e0%b9%89%e0%b8%87%e0%b9%80%e0%b8%89%e0%b8%9e%e0%b8%b2%e0%b8%b0%e0%b8%9e%e0%b8%b7%e0%b9%89%e0%b8%99%e0%b8%97%e0%b8%b5%e0%b9%88"
"23826","%e0%b9%80%e0%b8%8b%e0%b9%89%e0%b8%87%e0%b9%80%e0%b8%89%e0%b8%9e%e0%b8%b2%e0%b8%b0%e0%b8%9e%e0%b8%b7%e0%b9%89%e0%b8%99%e0%b8%97%e0%b8%b5%e0%b9%88"
"23827","%e0%b9%80%e0%b8%8b%e0%b9%89%e0%b8%87%e0%b9%80%e0%b8%89%e0%b8%9e%e0%b8%b2%e0%b8%b0%e0%b8%9e%e0%b8%b7%e0%b9%89%e0%b8%99%e0%b8%97%e0%b8%b5%e0%b9%88"
"23828","%e0%b9%80%e0%b8%8b%e0%b9%89%e0%b8%87%e0%b9%80%e0%b8%89%e0%b8%9e%e0%b8%b2%e0%b8%b0%e0%b8%9e%e0%b8%b7%e0%b9%89%e0%b8%99%e0%b8%97%e0%b8%b5%e0%b9%88"
"24002","%e0%b9%80%e0%b8%8b%e0%b9%89%e0%b8%87%e0%b9%80%e0%b8%89%e0%b8%9e%e0%b8%b2%e0%b8%b0%e0%b8%9e%e0%b8%b7%e0%b9%89%e0%b8%99%e0%b8%97%e0%b8%b5%e0%b9%88"
"24024","%e0%b9%80%e0%b8%8b%e0%b9%89%e0%b8%87%e0%b9%80%e0%b8%89%e0%b8%9e%e0%b8%b2%e0%b8%b0%e0%b8%9e%e0%b8%b7%e0%b9%89%e0%b8%99%e0%b8%97%e0%b8%b5%e0%b9%88"
"24349","%e0%b9%80%e0%b8%8b%e0%b9%89%e0%b8%87%e0%b9%80%e0%b8%89%e0%b8%9e%e0%b8%b2%e0%b8%b0%e0%b8%9e%e0%b8%b7%e0%b9%89%e0%b8%99%e0%b8%97%e0%b8%b5%e0%b9%88"
"24382","%e0%b9%80%e0%b8%8b%e0%b9%89%e0%b8%87%e0%b9%80%e0%b8%89%e0%b8%9e%e0%b8%b2%e0%b8%b0%e0%b8%9e%e0%b8%b7%e0%b9%89%e0%b8%99%e0%b8%97%e0%b8%b5%e0%b9%88"
"24838","%e0%b9%80%e0%b8%8b%e0%b9%89%e0%b8%87%e0%b9%80%e0%b8%89%e0%b8%9e%e0%b8%b2%e0%b8%b0%e0%b8%9e%e0%b8%b7%e0%b9%89%e0%b8%99%e0%b8%97%e0%b8%b5%e0%b9%88"
"24926","%e0%b9%80%e0%b8%8b%e0%b9%89%e0%b8%87%e0%b9%80%e0%b8%89%e0%b8%9e%e0%b8%b2%e0%b8%b0%e0%b8%9e%e0%b8%b7%e0%b9%89%e0%b8%99%e0%b8%97%e0%b8%b5%e0%b9%88"
"25269","%e0%b9%80%e0%b8%8b%e0%b9%89%e0%b8%87%e0%b9%80%e0%b8%89%e0%b8%9e%e0%b8%b2%e0%b8%b0%e0%b8%9e%e0%b8%b7%e0%b9%89%e0%b8%99%e0%b8%97%e0%b8%b5%e0%b9%88"
"25491","%e0%b9%80%e0%b8%8b%e0%b9%89%e0%b8%87%e0%b9%80%e0%b8%89%e0%b8%9e%e0%b8%b2%e0%b8%b0%e0%b8%9e%e0%b8%b7%e0%b9%89%e0%b8%99%e0%b8%97%e0%b8%b5%e0%b9%88"
"25952","%e0%b9%80%e0%b8%8b%e0%b9%89%e0%b8%87%e0%b9%80%e0%b8%89%e0%b8%9e%e0%b8%b2%e0%b8%b0%e0%b8%9e%e0%b8%b7%e0%b9%89%e0%b8%99%e0%b8%97%e0%b8%b5%e0%b9%88"
"26414","%e0%b9%80%e0%b8%8b%e0%b9%89%e0%b8%87%e0%b9%80%e0%b8%89%e0%b8%9e%e0%b8%b2%e0%b8%b0%e0%b8%9e%e0%b8%b7%e0%b9%89%e0%b8%99%e0%b8%97%e0%b8%b5%e0%b9%88"
"26663","%e0%b9%80%e0%b8%8b%e0%b9%89%e0%b8%87%e0%b9%80%e0%b8%89%e0%b8%9e%e0%b8%b2%e0%b8%b0%e0%b8%9e%e0%b8%b7%e0%b9%89%e0%b8%99%e0%b8%97%e0%b8%b5%e0%b9%88"
"26672","%e0%b9%80%e0%b8%8b%e0%b9%89%e0%b8%87%e0%b9%80%e0%b8%89%e0%b8%9e%e0%b8%b2%e0%b8%b0%e0%b8%9e%e0%b8%b7%e0%b9%89%e0%b8%99%e0%b8%97%e0%b8%b5%e0%b9%88"
"27743","%e0%b9%80%e0%b8%8b%e0%b9%89%e0%b8%87%e0%b9%80%e0%b8%89%e0%b8%9e%e0%b8%b2%e0%b8%b0%e0%b8%9e%e0%b8%b7%e0%b9%89%e0%b8%99%e0%b8%97%e0%b8%b5%e0%b9%88"
"28019","%e0%b9%80%e0%b8%8b%e0%b9%89%e0%b8%87%e0%b9%80%e0%b8%89%e0%b8%9e%e0%b8%b2%e0%b8%b0%e0%b8%9e%e0%b8%b7%e0%b9%89%e0%b8%99%e0%b8%97%e0%b8%b5%e0%b9%88"
"28106","%e0%b9%80%e0%b8%8b%e0%b9%89%e0%b8%87%e0%b9%80%e0%b8%89%e0%b8%9e%e0%b8%b2%e0%b8%b0%e0%b8%9e%e0%b8%b7%e0%b9%89%e0%b8%99%e0%b8%97%e0%b8%b5%e0%b9%88"
"28122","%e0%b9%80%e0%b8%8b%e0%b9%89%e0%b8%87%e0%b9%80%e0%b8%89%e0%b8%9e%e0%b8%b2%e0%b8%b0%e0%b8%9e%e0%b8%b7%e0%b9%89%e0%b8%99%e0%b8%97%e0%b8%b5%e0%b9%88"
"29687","%e0%b9%80%e0%b8%8b%e0%b9%89%e0%b8%87%e0%b9%80%e0%b8%89%e0%b8%9e%e0%b8%b2%e0%b8%b0%e0%b8%9e%e0%b8%b7%e0%b9%89%e0%b8%99%e0%b8%97%e0%b8%b5%e0%b9%88"
"30045","%e0%b9%80%e0%b8%8b%e0%b9%89%e0%b8%87%e0%b9%80%e0%b8%89%e0%b8%9e%e0%b8%b2%e0%b8%b0%e0%b8%9e%e0%b8%b7%e0%b9%89%e0%b8%99%e0%b8%97%e0%b8%b5%e0%b9%88"
"30273","%e0%b9%80%e0%b8%8b%e0%b9%89%e0%b8%87%e0%b9%80%e0%b8%89%e0%b8%9e%e0%b8%b2%e0%b8%b0%e0%b8%9e%e0%b8%b7%e0%b9%89%e0%b8%99%e0%b8%97%e0%b8%b5%e0%b9%88"
"30337","%e0%b9%80%e0%b8%8b%e0%b9%89%e0%b8%87%e0%b9%80%e0%b8%89%e0%b8%9e%e0%b8%b2%e0%b8%b0%e0%b8%9e%e0%b8%b7%e0%b9%89%e0%b8%99%e0%b8%97%e0%b8%b5%e0%b9%88"
"30705","%e0%b9%80%e0%b8%8b%e0%b9%89%e0%b8%87%e0%b9%80%e0%b8%89%e0%b8%9e%e0%b8%b2%e0%b8%b0%e0%b8%9e%e0%b8%b7%e0%b9%89%e0%b8%99%e0%b8%97%e0%b8%b5%e0%b9%88"
"30707","%e0%b9%80%e0%b8%8b%e0%b9%89%e0%b8%87%e0%b9%80%e0%b8%89%e0%b8%9e%e0%b8%b2%e0%b8%b0%e0%b8%9e%e0%b8%b7%e0%b9%89%e0%b8%99%e0%b8%97%e0%b8%b5%e0%b9%88"
"30709","%e0%b9%80%e0%b8%8b%e0%b9%89%e0%b8%87%e0%b9%80%e0%b8%89%e0%b8%9e%e0%b8%b2%e0%b8%b0%e0%b8%9e%e0%b8%b7%e0%b9%89%e0%b8%99%e0%b8%97%e0%b8%b5%e0%b9%88"
"30777","%e0%b9%80%e0%b8%8b%e0%b9%89%e0%b8%87%e0%b9%80%e0%b8%89%e0%b8%9e%e0%b8%b2%e0%b8%b0%e0%b8%9e%e0%b8%b7%e0%b9%89%e0%b8%99%e0%b8%97%e0%b8%b5%e0%b9%88"
"30822","%e0%b9%80%e0%b8%8b%e0%b9%89%e0%b8%87%e0%b9%80%e0%b8%89%e0%b8%9e%e0%b8%b2%e0%b8%b0%e0%b8%9e%e0%b8%b7%e0%b9%89%e0%b8%99%e0%b8%97%e0%b8%b5%e0%b9%88"
"30856","%e0%b9%80%e0%b8%8b%e0%b9%89%e0%b8%87%e0%b9%80%e0%b8%89%e0%b8%9e%e0%b8%b2%e0%b8%b0%e0%b8%9e%e0%b8%b7%e0%b9%89%e0%b8%99%e0%b8%97%e0%b8%b5%e0%b9%88"
"30878","%e0%b9%80%e0%b8%8b%e0%b9%89%e0%b8%87%e0%b9%80%e0%b8%89%e0%b8%9e%e0%b8%b2%e0%b8%b0%e0%b8%9e%e0%b8%b7%e0%b9%89%e0%b8%99%e0%b8%97%e0%b8%b5%e0%b9%88"
"30932","%e0%b9%80%e0%b8%8b%e0%b9%89%e0%b8%87%e0%b9%80%e0%b8%89%e0%b8%9e%e0%b8%b2%e0%b8%b0%e0%b8%9e%e0%b8%b7%e0%b9%89%e0%b8%99%e0%b8%97%e0%b8%b5%e0%b9%88"
"31127","%e0%b9%80%e0%b8%8b%e0%b9%89%e0%b8%87%e0%b9%80%e0%b8%89%e0%b8%9e%e0%b8%b2%e0%b8%b0%e0%b8%9e%e0%b8%b7%e0%b9%89%e0%b8%99%e0%b8%97%e0%b8%b5%e0%b9%88"
"31486","%e0%b9%80%e0%b8%8b%e0%b9%89%e0%b8%87%e0%b9%80%e0%b8%89%e0%b8%9e%e0%b8%b2%e0%b8%b0%e0%b8%9e%e0%b8%b7%e0%b9%89%e0%b8%99%e0%b8%97%e0%b8%b5%e0%b9%88"
"31810","%e0%b9%80%e0%b8%8b%e0%b9%89%e0%b8%87%e0%b9%80%e0%b8%89%e0%b8%9e%e0%b8%b2%e0%b8%b0%e0%b8%9e%e0%b8%b7%e0%b9%89%e0%b8%99%e0%b8%97%e0%b8%b5%e0%b9%88"
"31864","%e0%b9%80%e0%b8%8b%e0%b9%89%e0%b8%87%e0%b9%80%e0%b8%89%e0%b8%9e%e0%b8%b2%e0%b8%b0%e0%b8%9e%e0%b8%b7%e0%b9%89%e0%b8%99%e0%b8%97%e0%b8%b5%e0%b9%88"
"31977","%e0%b9%80%e0%b8%8b%e0%b9%89%e0%b8%87%e0%b9%80%e0%b8%89%e0%b8%9e%e0%b8%b2%e0%b8%b0%e0%b8%9e%e0%b8%b7%e0%b9%89%e0%b8%99%e0%b8%97%e0%b8%b5%e0%b9%88"
"31982","%e0%b9%80%e0%b8%8b%e0%b9%89%e0%b8%87%e0%b9%80%e0%b8%89%e0%b8%9e%e0%b8%b2%e0%b8%b0%e0%b8%9e%e0%b8%b7%e0%b9%89%e0%b8%99%e0%b8%97%e0%b8%b5%e0%b9%88"
"35432","%e0%b9%80%e0%b8%8b%e0%b9%89%e0%b8%87%e0%b9%80%e0%b8%89%e0%b8%9e%e0%b8%b2%e0%b8%b0%e0%b8%9e%e0%b8%b7%e0%b9%89%e0%b8%99%e0%b8%97%e0%b8%b5%e0%b9%88"
"35845","%e0%b9%80%e0%b8%8b%e0%b9%89%e0%b8%87%e0%b9%80%e0%b8%89%e0%b8%9e%e0%b8%b2%e0%b8%b0%e0%b8%9e%e0%b8%b7%e0%b9%89%e0%b8%99%e0%b8%97%e0%b8%b5%e0%b9%88"
"35956","%e0%b9%80%e0%b8%8b%e0%b9%89%e0%b8%87%e0%b9%80%e0%b8%89%e0%b8%9e%e0%b8%b2%e0%b8%b0%e0%b8%9e%e0%b8%b7%e0%b9%89%e0%b8%99%e0%b8%97%e0%b8%b5%e0%b9%88"
"36231","%e0%b9%80%e0%b8%8b%e0%b9%89%e0%b8%87%e0%b9%80%e0%b8%89%e0%b8%9e%e0%b8%b2%e0%b8%b0%e0%b8%9e%e0%b8%b7%e0%b9%89%e0%b8%99%e0%b8%97%e0%b8%b5%e0%b9%88"
"36251","%e0%b9%80%e0%b8%8b%e0%b9%89%e0%b8%87%e0%b9%80%e0%b8%89%e0%b8%9e%e0%b8%b2%e0%b8%b0%e0%b8%9e%e0%b8%b7%e0%b9%89%e0%b8%99%e0%b8%97%e0%b8%b5%e0%b9%88"
"37065","%e0%b9%80%e0%b8%8b%e0%b9%89%e0%b8%87%e0%b9%80%e0%b8%89%e0%b8%9e%e0%b8%b2%e0%b8%b0%e0%b8%9e%e0%b8%b7%e0%b9%89%e0%b8%99%e0%b8%97%e0%b8%b5%e0%b9%88"
"37097","%e0%b9%80%e0%b8%8b%e0%b9%89%e0%b8%87%e0%b9%80%e0%b8%89%e0%b8%9e%e0%b8%b2%e0%b8%b0%e0%b8%9e%e0%b8%b7%e0%b9%89%e0%b8%99%e0%b8%97%e0%b8%b5%e0%b9%88"
"37170","%e0%b9%80%e0%b8%8b%e0%b9%89%e0%b8%87%e0%b9%80%e0%b8%89%e0%b8%9e%e0%b8%b2%e0%b8%b0%e0%b8%9e%e0%b8%b7%e0%b9%89%e0%b8%99%e0%b8%97%e0%b8%b5%e0%b9%88"
"37366","%e0%b9%80%e0%b8%8b%e0%b9%89%e0%b8%87%e0%b9%80%e0%b8%89%e0%b8%9e%e0%b8%b2%e0%b8%b0%e0%b8%9e%e0%b8%b7%e0%b9%89%e0%b8%99%e0%b8%97%e0%b8%b5%e0%b9%88"
"38128","%e0%b9%80%e0%b8%8b%e0%b9%89%e0%b8%87%e0%b9%80%e0%b8%89%e0%b8%9e%e0%b8%b2%e0%b8%b0%e0%b8%9e%e0%b8%b7%e0%b9%89%e0%b8%99%e0%b8%97%e0%b8%b5%e0%b9%88"
"38176","%e0%b9%80%e0%b8%8b%e0%b9%89%e0%b8%87%e0%b9%80%e0%b8%89%e0%b8%9e%e0%b8%b2%e0%b8%b0%e0%b8%9e%e0%b8%b7%e0%b9%89%e0%b8%99%e0%b8%97%e0%b8%b5%e0%b9%88"
"38454","%e0%b9%80%e0%b8%8b%e0%b9%89%e0%b8%87%e0%b9%80%e0%b8%89%e0%b8%9e%e0%b8%b2%e0%b8%b0%e0%b8%9e%e0%b8%b7%e0%b9%89%e0%b8%99%e0%b8%97%e0%b8%b5%e0%b9%88"
"38469","%e0%b9%80%e0%b8%8b%e0%b9%89%e0%b8%87%e0%b9%80%e0%b8%89%e0%b8%9e%e0%b8%b2%e0%b8%b0%e0%b8%9e%e0%b8%b7%e0%b9%89%e0%b8%99%e0%b8%97%e0%b8%b5%e0%b9%88"
"38976","%e0%b9%80%e0%b8%8b%e0%b9%89%e0%b8%87%e0%b9%80%e0%b8%89%e0%b8%9e%e0%b8%b2%e0%b8%b0%e0%b8%9e%e0%b8%b7%e0%b9%89%e0%b8%99%e0%b8%97%e0%b8%b5%e0%b9%88"
"39165","%e0%b9%80%e0%b8%8b%e0%b9%89%e0%b8%87%e0%b9%80%e0%b8%89%e0%b8%9e%e0%b8%b2%e0%b8%b0%e0%b8%9e%e0%b8%b7%e0%b9%89%e0%b8%99%e0%b8%97%e0%b8%b5%e0%b9%88"
"39447","%e0%b9%80%e0%b8%8b%e0%b9%89%e0%b8%87%e0%b9%80%e0%b8%89%e0%b8%9e%e0%b8%b2%e0%b8%b0%e0%b8%9e%e0%b8%b7%e0%b9%89%e0%b8%99%e0%b8%97%e0%b8%b5%e0%b9%88"
"39906","%e0%b9%80%e0%b8%8b%e0%b9%89%e0%b8%87%e0%b9%80%e0%b8%89%e0%b8%9e%e0%b8%b2%e0%b8%b0%e0%b8%9e%e0%b8%b7%e0%b9%89%e0%b8%99%e0%b8%97%e0%b8%b5%e0%b9%88"
"39926","%e0%b9%80%e0%b8%8b%e0%b9%89%e0%b8%87%e0%b9%80%e0%b8%89%e0%b8%9e%e0%b8%b2%e0%b8%b0%e0%b8%9e%e0%b8%b7%e0%b9%89%e0%b8%99%e0%b8%97%e0%b8%b5%e0%b9%88"
"40123","%e0%b9%80%e0%b8%8b%e0%b9%89%e0%b8%87%e0%b9%80%e0%b8%89%e0%b8%9e%e0%b8%b2%e0%b8%b0%e0%b8%9e%e0%b8%b7%e0%b9%89%e0%b8%99%e0%b8%97%e0%b8%b5%e0%b9%88"
"40386","%e0%b9%80%e0%b8%8b%e0%b9%89%e0%b8%87%e0%b9%80%e0%b8%89%e0%b8%9e%e0%b8%b2%e0%b8%b0%e0%b8%9e%e0%b8%b7%e0%b9%89%e0%b8%99%e0%b8%97%e0%b8%b5%e0%b9%88"
"40769","%e0%b9%80%e0%b8%8b%e0%b9%89%e0%b8%87%e0%b9%80%e0%b8%89%e0%b8%9e%e0%b8%b2%e0%b8%b0%e0%b8%9e%e0%b8%b7%e0%b9%89%e0%b8%99%e0%b8%97%e0%b8%b5%e0%b9%88"
"40993","%e0%b9%80%e0%b8%8b%e0%b9%89%e0%b8%87%e0%b9%80%e0%b8%89%e0%b8%9e%e0%b8%b2%e0%b8%b0%e0%b8%9e%e0%b8%b7%e0%b9%89%e0%b8%99%e0%b8%97%e0%b8%b5%e0%b9%88"
"41161","%e0%b9%80%e0%b8%8b%e0%b9%89%e0%b8%87%e0%b9%80%e0%b8%89%e0%b8%9e%e0%b8%b2%e0%b8%b0%e0%b8%9e%e0%b8%b7%e0%b9%89%e0%b8%99%e0%b8%97%e0%b8%b5%e0%b9%88"
"41175","%e0%b9%80%e0%b8%8b%e0%b9%89%e0%b8%87%e0%b9%80%e0%b8%89%e0%b8%9e%e0%b8%b2%e0%b8%b0%e0%b8%9e%e0%b8%b7%e0%b9%89%e0%b8%99%e0%b8%97%e0%b8%b5%e0%b9%88"
"41218","%e0%b9%80%e0%b8%8b%e0%b9%89%e0%b8%87%e0%b9%80%e0%b8%89%e0%b8%9e%e0%b8%b2%e0%b8%b0%e0%b8%9e%e0%b8%b7%e0%b9%89%e0%b8%99%e0%b8%97%e0%b8%b5%e0%b9%88"
"41441","%e0%b9%80%e0%b8%8b%e0%b9%89%e0%b8%87%e0%b9%80%e0%b8%89%e0%b8%9e%e0%b8%b2%e0%b8%b0%e0%b8%9e%e0%b8%b7%e0%b9%89%e0%b8%99%e0%b8%97%e0%b8%b5%e0%b9%88"
"42236","%e0%b9%80%e0%b8%8b%e0%b9%89%e0%b8%87%e0%b9%80%e0%b8%89%e0%b8%9e%e0%b8%b2%e0%b8%b0%e0%b8%9e%e0%b8%b7%e0%b9%89%e0%b8%99%e0%b8%97%e0%b8%b5%e0%b9%88"
"42333","%e0%b9%80%e0%b8%8b%e0%b9%89%e0%b8%87%e0%b9%80%e0%b8%89%e0%b8%9e%e0%b8%b2%e0%b8%b0%e0%b8%9e%e0%b8%b7%e0%b9%89%e0%b8%99%e0%b8%97%e0%b8%b5%e0%b9%88"
"42345","%e0%b9%80%e0%b8%8b%e0%b9%89%e0%b8%87%e0%b9%80%e0%b8%89%e0%b8%9e%e0%b8%b2%e0%b8%b0%e0%b8%9e%e0%b8%b7%e0%b9%89%e0%b8%99%e0%b8%97%e0%b8%b5%e0%b9%88"
"42373","%e0%b9%80%e0%b8%8b%e0%b9%89%e0%b8%87%e0%b9%80%e0%b8%89%e0%b8%9e%e0%b8%b2%e0%b8%b0%e0%b8%9e%e0%b8%b7%e0%b9%89%e0%b8%99%e0%b8%97%e0%b8%b5%e0%b9%88"
"42928","%e0%b9%80%e0%b8%8b%e0%b9%89%e0%b8%87%e0%b9%80%e0%b8%89%e0%b8%9e%e0%b8%b2%e0%b8%b0%e0%b8%9e%e0%b8%b7%e0%b9%89%e0%b8%99%e0%b8%97%e0%b8%b5%e0%b9%88"
"43157","%e0%b9%80%e0%b8%8b%e0%b9%89%e0%b8%87%e0%b9%80%e0%b8%89%e0%b8%9e%e0%b8%b2%e0%b8%b0%e0%b8%9e%e0%b8%b7%e0%b9%89%e0%b8%99%e0%b8%97%e0%b8%b5%e0%b9%88"
"43166","%e0%b9%80%e0%b8%8b%e0%b9%89%e0%b8%87%e0%b9%80%e0%b8%89%e0%b8%9e%e0%b8%b2%e0%b8%b0%e0%b8%9e%e0%b8%b7%e0%b9%89%e0%b8%99%e0%b8%97%e0%b8%b5%e0%b9%88"
"43195","%e0%b9%80%e0%b8%8b%e0%b9%89%e0%b8%87%e0%b9%80%e0%b8%89%e0%b8%9e%e0%b8%b2%e0%b8%b0%e0%b8%9e%e0%b8%b7%e0%b9%89%e0%b8%99%e0%b8%97%e0%b8%b5%e0%b9%88"
"43223","%e0%b9%80%e0%b8%8b%e0%b9%89%e0%b8%87%e0%b9%80%e0%b8%89%e0%b8%9e%e0%b8%b2%e0%b8%b0%e0%b8%9e%e0%b8%b7%e0%b9%89%e0%b8%99%e0%b8%97%e0%b8%b5%e0%b9%88"
"43374","%e0%b9%80%e0%b8%8b%e0%b9%89%e0%b8%87%e0%b9%80%e0%b8%89%e0%b8%9e%e0%b8%b2%e0%b8%b0%e0%b8%9e%e0%b8%b7%e0%b9%89%e0%b8%99%e0%b8%97%e0%b8%b5%e0%b9%88"
