"post_id","term_id"
"8221","73"
"8229","73"
"8267","73"
"8283","73"
"8433","73"
"8479","73"
"8486","73"
"8519","73"
"8550","73"
"8560","73"
"8567","73"
"8582","73"
"8592","73"
"8606","73"
"8614","73"
"8627","73"
"8682","73"
"8692","73"
"8718","73"
"8769","73"
"11302","73"
"11937","73"
"12382","73"
"12387","73"
"12395","73"
"12402","73"
"12411","73"
"12414","73"
"12427","73"
"12434","73"
"12440","73"
"12447","73"
"12453","73"
"12457","73"
"12469","73"
"12472","73"
"12482","73"
"12492","73"
"12501","73"
"12511","73"
"12522","73"
"12530","73"
"12540","73"
"12547","73"
"12561","73"
"12566","73"
"12577","73"
"12582","73"
"12595","73"
"12606","73"
"12624","73"
"12633","73"
"12640","73"
"12650","73"
"12656","73"
"12660","73"
"12670","73"
"12680","73"
"12684","73"
"12688","73"
"12699","73"
"12709","73"
"12716","73"
"12727","73"
"12731","73"
"12739","73"
"12745","73"
"12751","73"
"12759","73"
"12772","73"
"12777","73"
"12787","73"
"12797","73"
"12807","73"
"12817","73"
"12828","73"
"12838","73"
"12848","73"
"12853","73"
"12857","73"
"12869","73"
"12877","73"
"12882","73"
"12892","73"
"12901","73"
"12913","73"
"12922","73"
"12929","73"
"12936","73"
"12949","73"
"12964","73"
"12968","73"
"12972","73"
"12982","73"
"12989","73"
"13008","73"
"13019","73"
"13029","73"
"13042","73"
"13046","73"
"13056","73"
"13062","73"
"13072","73"
"13078","73"
"13081","73"
"13084","73"
"13088","73"
"13106","73"
"13116","73"
"13126","73"
"13134","73"
"13143","73"
"13150","73"
"13160","73"
"13167","73"
"13175","73"
"13185","73"
"13193","73"
"13203","73"
"13207","73"
"13210","73"
"13216","73"
"13226","73"
"13240","73"
"13244","73"
"13250","73"
"13260","73"
"13263","73"
"13273","73"
"13282","73"
"13288","73"
"13297","73"
"13305","73"
"13315","73"
"13325","73"
"13334","73"
"13337","73"
"13347","73"
"13350","73"
"13352","73"
"13354","73"
"13356","73"
"13359","73"
"13373","73"
"13379","73"
"13391","73"
"13396","73"
"13402","73"
"13410","73"
"13420","73"
"13429","73"
"13440","73"
"13455","73"
"13463","73"
"13469","73"
"13474","73"
"13478","73"
"13485","73"
"13497","73"
"13516","73"
"13525","73"
"13534","73"
"13538","73"
"13541","73"
"13545","73"
"13548","73"
"13557","73"
"13561","73"
"13564","73"
"13573","73"
"13583","73"
"13592","73"
"13601","73"
"13607","73"
"13621","73"
"13625","73"
"13631","73"
"13641","73"
"13651","73"
"13655","73"
"13670","73"
"13678","73"
"13681","73"
"13691","73"
"13702","73"
"13704","73"
"13706","73"
"13708","73"
"13710","73"
"13712","73"
"13714","73"
"13716","73"
"13718","73"
"13720","73"
"13722","73"
"13725","73"
"13728","73"
"13738","73"
"13743","73"
"13750","73"
"13755","73"
"13765","73"
"13768","73"
"13779","73"
"13790","73"
"13799","73"
"13809","73"
"13820","73"
"13834","73"
"13842","73"
"13852","73"
"13854","73"
"13856","73"
"13864","73"
"13867","73"
"13875","73"
"13886","73"
"13895","73"
"13898","73"
"13904","73"
"13909","73"
"13911","73"
"13916","73"
"13918","73"
"13930","73"
"13937","73"
"13952","73"
"13960","73"
"13969","73"
"13972","73"
"13981","73"
"13987","73"
"13995","73"
"14005","73"
"14015","73"
"14025","73"
"14030","73"
"14038","73"
"14048","73"
"14053","73"
"14064","73"
"14089","73"
"14092","73"
"14096","73"
"14104","73"
"14111","73"
"14121","73"
"14130","73"
"14138","73"
"14147","73"
"14157","73"
"14165","73"
"14174","73"
"14179","73"
"14197","73"
"14203","73"
"14213","73"
"14216","73"
"14220","73"
"14230","73"
"14240","73"
"14249","73"
"14254","73"
"14259","73"
"14269","73"
"14276","73"
"14279","73"
"14289","73"
"14295","73"
"14298","73"
"14308","73"
"14315","73"
"14324","73"
"14333","73"
"14351","73"
"14359","73"
"14369","73"
"14372","73"
"14375","73"
"14388","73"
"14396","73"
"14401","73"
"14403","73"
"14412","73"
"14418","73"
"14421","73"
"14436","73"
"14445","73"
"14449","73"
"14455","73"
"14458","73"
"14461","73"
"14473","73"
"14485","73"
"14495","73"
"14505","73"
"14515","73"
"14523","73"
"14527","73"
"14545","73"
"14553","73"
"14557","73"
"14571","73"
"14581","73"
"14584","73"
"14591","73"
"14594","73"
"14601","73"
"14608","73"
"14619","73"
"14629","73"
"14639","73"
"14645","73"
"14649","73"
"14652","73"
"14655","73"
"14664","73"
"14666","73"
"14668","73"
"14670","73"
"14672","73"
"14690","73"
"14700","73"
"14750","73"
"14813","73"
"14821","73"
"14845","73"
"14852","73"
"14881","73"
"14907","73"
"14913","73"
"14921","73"
"14930","73"
"14980","73"
"15011","73"
"15025","73"
"15042","73"
"15078","73"
"15091","73"
"15110","73"
"15146","73"
"15165","73"
"15191","73"
"15198","73"
"15280","73"
"15297","73"
"15316","73"
"15325","73"
"15361","73"
"15374","73"
"15387","73"
"15408","73"
"15422","73"
"15475","73"
"15484","73"
"15513","73"
"15527","73"
"15539","73"
"15544","73"
"15556","73"
"15605","73"
"15629","73"
"15662","73"
"15677","73"
"15721","73"
"15748","73"
"15757","73"
"15821","73"
"15871","73"
"15874","73"
"15883","73"
"15892","73"
"15956","73"
"16019","73"
"16056","73"
"16062","73"
"16064","73"
"16094","73"
"16106","73"
"16152","73"
"16160","73"
"16170","73"
"16181","73"
"16198","73"
"16230","73"
"16249","73"
"16273","73"
"16336","73"
"16380","73"
"16413","73"
"16457","73"
"16487","73"
"16512","73"
"16521","73"
"16544","73"
"16549","73"
"16577","73"
"16585","73"
"16626","73"
"16671","73"
"16683","73"
"16698","73"
"16751","73"
"16763","73"
"16765","73"
"16788","73"
"16809","73"
"16811","73"
"16876","73"
"16902","73"
"16945","73"
"16955","73"
"17010","73"
"17022","73"
"17053","73"
"17082","73"
"17104","73"
"17112","73"
"17179","73"
"17184","73"
"17213","73"
"17235","73"
"17242","73"
"17251","73"
"17268","73"
"17300","73"
"17318","73"
"17335","73"
"17343","73"
"17378","73"
"17399","73"
"17409","73"
"17412","73"
"17431","73"
"17461","73"
"17473","73"
"17504","73"
"17508","73"
"17574","73"
"17585","73"
"17625","73"
"17640","73"
"17652","73"
"17654","73"
"17671","73"
"17761","73"
"17772","73"
"17793","73"
"17811","73"
"17881","73"
"17891","73"
"17903","73"
"17941","73"
"17953","73"
"17969","73"
"17995","73"
"18008","73"
"18044","73"
"18079","73"
"18113","73"
"18134","73"
"18146","73"
"18168","73"
"18178","73"
"18189","73"
"18199","73"
"18243","73"
"18250","73"
"18261","73"
"18292","73"
"18342","73"
"18366","73"
"18378","73"
"18388","73"
"18397","73"
"18409","73"
"18419","73"
"18438","73"
"18465","73"
"18501","73"
"18519","73"
"18523","73"
"18548","73"
"18560","73"
"18569","73"
"18579","73"
"18584","73"
"18610","73"
"18618","73"
"18648","73"
"18662","73"
"18670","73"
"18681","73"
"18709","73"
"18728","73"
"18748","73"
"18776","73"
"18802","73"
"18822","73"
"18825","73"
"18837","73"
"18843","73"
"18846","73"
"18880","73"
"18892","73"
"18919","73"
"18926","73"
"18936","73"
"18948","73"
"18959","73"
"19118","73"
"19128","73"
"19131","73"
"19157","73"
"19436","73"
"19469","73"
"19511","73"
"19522","73"
"19540","73"
"19604","73"
"19611","73"
"19627","73"
"19662","73"
"19715","73"
"19724","73"
"19731","73"
"19745","73"
"19773","73"
"19853","73"
"19867","73"
"19936","73"
"19939","73"
"19954","73"
"20086","73"
"20141","73"
"20229","73"
"20254","73"
"20280","73"
"20284","73"
"20325","73"
"20336","73"
"20356","73"
"20376","73"
"20385","73"
"20410","73"
"20422","73"
"20463","73"
"20474","73"
"20515","73"
"20525","73"
"20547","73"
"20558","73"
"20581","73"
"20594","73"
"20604","73"
"20634","73"
"20647","73"
"20664","73"
"20683","73"
"20698","73"
"20711","73"
"20719","73"
"20731","73"
"20743","73"
"20771","73"
"20777","73"
"20822","73"
"20833","73"
"20844","73"
"20860","73"
"20865","73"
"20871","73"
"20876","73"
"20904","73"
"20911","73"
"20918","73"
"20955","73"
"21002","73"
"21053","73"
"21070","73"
"21089","73"
"21094","73"
"21104","73"
"21116","73"
"21136","73"
"21142","73"
"21152","73"
"21164","73"
"21172","73"
"21182","73"
"21202","73"
"21259","73"
"21264","73"
"21315","73"
"21343","73"
"21350","73"
"21356","73"
"21386","73"
"21398","73"
"21419","73"
"21425","73"
"21449","73"
"21481","73"
"21495","73"
"21505","73"
"21520","73"
"21556","73"
"21567","73"
"21602","73"
"21609","73"
"21635","73"
"21650","73"
"21664","73"
"21671","73"
"21683","73"
"21686","73"
"21693","73"
"21702","73"
"21704","73"
"21775","73"
"21786","73"
"21791","73"
"21877","73"
"21889","73"
"21912","73"
"21942","73"
"21945","73"
"21956","73"
"21970","73"
"22034","73"
"22045","73"
"22052","73"
"22060","73"
"22066","73"
"22091","73"
"22096","73"
"22104","73"
"22118","73"
"22135","73"
"22171","73"
"22197","73"
"22243","73"
"22302","73"
"22351","73"
"22366","73"
"22399","73"
"22412","73"
"22455","73"
"22508","73"
"22520","73"
"22530","73"
"22573","73"
"22589","73"
"22607","73"
"22611","73"
"22629","73"
"22654","73"
"22661","73"
"22700","73"
"22705","73"
"22715","73"
"22731","73"
"22752","73"
"22771","73"
"22778","73"
"22805","73"
"22811","73"
"22819","73"
"22827","73"
"22838","73"
"22851","73"
"22862","73"
"22875","73"
"22883","73"
"22900","73"
"22908","73"
"22918","73"
"22925","73"
"22964","73"
"22974","73"
"22979","73"
"22982","73"
"23044","73"
"23061","73"
"23088","73"
"23103","73"
"23138","73"
"23162","73"
"23179","73"
"23233","73"
"23257","73"
"23269","73"
"23297","73"
"23361","73"
"23403","73"
"23416","73"
"23492","73"
"23505","73"
"23528","73"
"23553","73"
"23562","73"
"23566","73"
"23573","73"
"23584","73"
"23648","73"
"23652","73"
"23669","73"
"23706","73"
"23720","73"
"23739","73"
"23759","73"
"23786","73"
"23799","73"
"23828","73"
"23836","73"
"23849","73"
"23859","73"
"23873","73"
"23929","73"
"23947","73"
"24111","73"
"24120","73"
"24171","73"
"24193","73"
"24198","73"
"24222","73"
"24233","73"
"24242","73"
"24278","73"
"24292","73"
"24297","73"
"24315","73"
"24345","73"
"24354","73"
"24363","73"
"24382","73"
"24385","73"
"24402","73"
"24444","73"
"24453","73"
"24474","73"
"24485","73"
"24490","73"
"24495","73"
"24501","73"
"24549","73"
"24580","73"
"24582","73"
"24597","73"
"24624","73"
"24633","73"
"24654","73"
"24668","73"
"24674","73"
"24686","73"
"24708","73"
"24723","73"
"24733","73"
"24738","73"
"24748","73"
"24762","73"
"24796","73"
"24829","73"
"24848","73"
"24880","73"
"24898","73"
"24926","73"
"24931","73"
"24936","73"
"24970","73"
"24980","73"
"25015","73"
"25023","73"
"25043","73"
"25052","73"
"25059","73"
"25071","73"
"25080","73"
"25088","73"
"25109","73"
"25162","73"
"25171","73"
"25185","73"
"25193","73"
"25202","73"
"25220","73"
"25266","73"
"25269","73"
"25289","73"
"25300","73"
"25314","73"
"25363","73"
"25372","73"
"25393","73"
"25402","73"
"25434","73"
"25476","73"
"25520","73"
"25549","73"
"25567","73"
"25571","73"
"25580","73"
"25585","73"
"25594","73"
"25603","73"
"25610","73"
"25619","73"
"25628","73"
"25637","73"
"25642","73"
"25662","73"
"25671","73"
"25715","73"
"25724","73"
"25739","73"
"25744","73"
"25767","73"
"25781","73"
"25811","73"
"25819","73"
"25894","73"
"25899","73"
"25934","73"
"25943","73"
"25952","73"
"25973","73"
"25989","73"
"25998","73"
"26018","73"
"26040","73"
"26066","73"
"26098","73"
"26156","73"
"26190","73"
"26199","73"
"26208","73"
"26236","73"
"26254","73"
"26263","73"
"26268","73"
"26286","73"
"26296","73"
"26379","73"
"26403","73"
"26407","73"
"26414","73"
"26460","73"
"26481","73"
"26540","73"
"26565","73"
"26582","73"
"26605","73"
"26625","73"
"26634","73"
"26643","73"
"26658","73"
"26663","73"
"26672","73"
"26684","73"
"26698","73"
"26721","73"
"26730","73"
"26744","73"
"26753","73"
"26770","73"
"26806","73"
"26812","73"
"26832","73"
"26841","73"
"26861","73"
"26868","73"
"26882","73"
"26891","73"
"26896","73"
"26904","73"
"26931","73"
"26936","73"
"26945","73"
"26972","73"
"26979","73"
"27006","73"
"27017","73"
"27039","73"
"27089","73"
"27098","73"
"27135","73"
"27136","73"
"27172","73"
"27194","73"
"27203","73"
"27212","73"
"27228","73"
"27273","73"
"27378","73"
"27388","73"
"27393","73"
"27402","73"
"27451","73"
"27498","73"
"27522","73"
"27531","73"
"27540","73"
"27555","73"
"27624","73"
"27633","73"
"27669","73"
"27675","73"
"27701","73"
"27743","73"
"27752","73"
"27763","73"
"27769","73"
"27806","73"
"27828","73"
"27912","73"
"27921","73"
"27930","73"
"27935","73"
"27952","73"
"27954","73"
"27963","73"
"27982","73"
"27984","73"
"27989","73"
"28012","73"
"28019","73"
"28028","73"
"28057","73"
"28104","73"
"28106","73"
"28120","73"
"28122","73"
"28132","73"
"28155","73"
"28166","73"
"28217","73"
"28248","73"
"28256","73"
"28296","73"
"28304","73"
"28351","73"
"28364","73"
"28368","73"
"28383","73"
"28392","73"
"28416","73"
"28425","73"
"28434","73"
"28449","73"
"28451","73"
"28456","73"
"28464","73"
"28466","73"
"28542","73"
"28551","73"
"28573","73"
"28657","73"
"28684","73"
"28693","73"
"28708","73"
"28725","73"
"28734","73"
"28790","73"
"28798","73"
"28805","73"
"28819","73"
"28828","73"
"28842","73"
"28847","73"
"28861","73"
"28879","73"
"28882","73"
"28885","73"
"28894","73"
"28905","73"
"28921","73"
"28935","73"
"28999","73"
"29022","73"
"29042","73"
"29116","73"
"29149","73"
"29158","73"
"29167","73"
"29172","73"
"29181","73"
"29273","73"
"29281","73"
"29295","73"
"29328","73"
"29352","73"
"29370","73"
"29384","73"
"29413","73"
"29422","73"
"29433","73"
"29491","73"
"29504","73"
"29543","73"
"29560","73"
"29565","73"
"29574","73"
"29591","73"
"29600","73"
"29605","73"
"29639","73"
"29669","73"
"29687","73"
"29691","73"
"29735","73"
"29746","73"
"29755","73"
"29769","73"
"29796","73"
"29805","73"
"29825","73"
"29852","73"
"29866","73"
"29882","73"
"29927","73"
"29950","73"
"29984","73"
"30003","73"
"30018","73"
"30027","73"
"30075","73"
"30082","73"
"30104","73"
"30113","73"
"30179","73"
"30189","73"
"30221","73"
"30273","73"
"30293","73"
"30346","73"
"30423","73"
"30428","73"
"30438","73"
"30447","73"
"30456","73"
"30463","73"
"30469","73"
"30495","73"
"30504","73"
"30513","73"
"30520","73"
"30537","73"
"30544","73"
"30560","73"
"30584","73"
"30594","73"
"30610","73"
"30633","73"
"30654","73"
"30668","73"
"30690","73"
"30700","73"
"30705","73"
"30707","73"
"30709","73"
"30716","73"
"30725","73"
"30736","73"
"30758","73"
"30768","73"
"30808","73"
"30811","73"
"30822","73"
"30838","73"
"30847","73"
"30856","73"
"30865","73"
"30874","73"
"30878","73"
"30896","73"
"30905","73"
"30941","73"
"30973","73"
"31036","73"
"31042","73"
"31067","73"
"31077","73"
"31094","73"
"31103","73"
"31119","73"
"31127","73"
"31221","73"
"31269","73"
"31289","73"
"31291","73"
"31300","73"
"31315","73"
"31320","73"
"31342","73"
"31370","73"
"31377","73"
"31380","73"
"31391","73"
"31400","73"
"31420","73"
"31431","73"
"31469","73"
"31478","73"
"31480","73"
"31486","73"
"31491","73"
"31496","73"
"31508","73"
"31517","73"
"31532","73"
"31547","73"
"31556","73"
"31559","73"
"31571","73"
"31582","73"
"31591","73"
"31619","73"
"31629","73"
"31636","73"
"31655","73"
"31664","73"
"31669","73"
"31674","73"
"31722","73"
"31740","73"
"31750","73"
"31766","73"
"31775","73"
"31810","73"
"31873","73"
"31881","73"
"31890","73"
"31922","73"
"31927","73"
"31943","73"
"31948","73"
"31962","73"
"31972","73"
"31977","73"
"32031","73"
"32060","73"
"32073","73"
"32074","73"
"32106","73"
"32141","73"
"32168","73"
"32185","73"
"32204","73"
"32213","73"
"32222","73"
"32227","73"
"32232","73"
"32258","73"
"32267","73"
"32276","73"
"32325","73"
"32352","73"
"32372","73"
"32412","73"
"32430","73"
"32444","73"
"32462","73"
"32479","73"
"32507","73"
"32513","73"
"32529","73"
"32530","73"
"32536","73"
"32545","73"
"32570","73"
"32637","73"
"32692","73"
"32699","73"
"32725","73"
"32757","73"
"32779","73"
"32844","73"
"32851","73"
"32859","73"
"32869","73"
"32882","73"
"32940","73"
"32944","73"
"32984","73"
"32990","73"
"33005","73"
"33010","73"
"33047","73"
"33122","73"
"33134","73"
"33151","73"
"33183","73"
"33221","73"
"33228","73"
"33261","73"
"33296","73"
"33305","73"
"33323","73"
"33336","73"
"33388","73"
"33397","73"
"33402","73"
"33449","73"
"33475","73"
"33513","73"
"33576","73"
"33586","73"
"33591","73"
"33604","73"
"33609","73"
"33630","73"
"33645","73"
"33654","73"
"33682","73"
"33728","73"
"33755","73"
"33760","73"
"33774","73"
"33809","73"
"33823","73"
"34049","73"
"34374","73"
"34391","73"
"34423","73"
"34987","73"
"35040","73"
"35057","73"
"35065","73"
"35101","73"
"35111","73"
"35116","73"
"35132","73"
"35168","73"
"35212","73"
"35233","73"
"35242","73"
"35264","73"
"35273","73"
"35313","73"
"35340","73"
"35357","73"
"35432","73"
"35442","73"
"35451","73"
"35468","73"
"35477","73"
"35517","73"
"35556","73"
"35577","73"
"35579","73"
"35593","73"
"35608","73"
"35616","73"
"35658","73"
"35667","73"
"35706","73"
"35752","73"
"35790","73"
"35808","73"
"35845","73"
"35854","73"
"35862","73"
"35872","73"
"35911","73"
"35929","73"
"35930","73"
"35946","73"
"35956","73"
"35961","73"
"35970","73"
"35981","73"
"35989","73"
"36000","73"
"36018","73"
"36056","73"
"36082","73"
"36087","73"
"36095","73"
"36130","73"
"36160","73"
"36191","73"
"36198","73"
"36236","73"
"36245","73"
"36303","73"
"36312","73"
"36321","73"
"36330","73"
"36366","73"
"36371","73"
"36384","73"
"36393","73"
"36407","73"
"36416","73"
"36418","73"
"36456","73"
"36463","73"
"36468","73"
"36482","73"
"36535","73"
"36541","73"
"36567","73"
"36582","73"
"36600","73"
"36611","73"
"36629","73"
"36643","73"
"36660","73"
"36669","73"
"36678","73"
"36687","73"
"36705","73"
"36710","73"
"36715","73"
"36729","73"
"36738","73"
"36744","73"
"36753","73"
"36767","73"
"36781","73"
"36812","73"
"36813","73"
"36815","73"
"36819","73"
"36829","73"
"36833","73"
"36847","73"
"36857","73"
"36875","73"
"36896","73"
"36903","73"
"36912","73"
"36918","73"
"36935","73"
"36944","73"
"36985","73"
"37000","73"
"37045","73"
"37060","73"
"37065","73"
"37082","73"
"37086","73"
"37097","73"
"37102","73"
"37123","73"
"37124","73"
"37147","73"
"37152","73"
"37160","73"
"37170","73"
"37192","73"
"37212","73"
"37244","73"
"37252","73"
"37268","73"
"37312","73"
"37343","73"
"37351","73"
"37360","73"
"37366","73"
"37417","73"
"37426","73"
"37444","73"
"37452","73"
"37454","73"
"37483","73"
"37492","73"
"37509","73"
"37516","73"
"37525","73"
"37541","73"
"37544","73"
"37553","73"
"37563","73"
"37572","73"
"37582","73"
"37591","73"
"37600","73"
"37609","73"
"37623","73"
"37628","73"
"37654","73"
"37660","73"
"37673","73"
"37678","73"
"37689","73"
"37696","73"
"37705","73"
"37743","73"
"37752","73"
"37819","73"
"37827","73"
"37848","73"
"37853","73"
"37857","73"
"37871","73"
"37927","73"
"37942","73"
"37953","73"
"37957","73"
"37962","73"
"37972","73"
"37987","73"
"37992","73"
"38009","73"
"38016","73"
"38021","73"
"38030","73"
"38035","73"
"38040","73"
"38058","73"
"38059","73"
"38069","73"
"38084","73"
"38128","73"
"38137","73"
"38193","73"
"38261","73"
"38269","73"
"38278","73"
"38283","73"
"38304","73"
"38332","73"
"38359","73"
"38454","73"
"38465","73"
"38469","73"
"38472","73"
"38486","73"
"38489","73"
"38495","73"
"38507","73"
"38519","73"
"38520","73"
"38524","73"
"38529","73"
"38561","73"
"38577","73"
"38582","73"
"38591","73"
"38635","73"
"38642","73"
"38681","73"
"38717","73"
"38760","73"
"38766","73"
"38774","73"
"38782","73"
"38787","73"
"38796","73"
"38806","73"
"38864","73"
"38886","73"
"38894","73"
"38925","73"
"38953","73"
"38964","73"
"38969","73"
"38971","73"
"39025","73"
"39036","73"
"39046","73"
"39062","73"
"39076","73"
"39083","73"
"39109","73"
"39114","73"
"39142","73"
"39174","73"
"39202","73"
"39212","73"
"39215","73"
"39225","73"
"39258","73"
"39291","73"
"39327","73"
"39338","73"
"39374","73"
"39378","73"
"39396","73"
"39429","73"
"39447","73"
"39468","73"
"39486","73"
"39515","73"
"39527","73"
"39536","73"
"39554","73"
"39585","73"
"39641","73"
"39655","73"
"39664","73"
"39672","73"
"39684","73"
"39693","73"
"39702","73"
"39711","73"
"39718","73"
"39771","73"
"39817","73"
"39826","73"
"39858","73"
"39861","73"
"39870","73"
"39879","73"
"39906","73"
"39912","73"
"39914","73"
"39923","73"
"39926","73"
"39976","73"
"40017","73"
"40028","73"
"40033","73"
"40039","73"
"40079","73"
"40087","73"
"40094","73"
"40103","73"
"40129","73"
"40268","73"
"40273","73"
"40303","73"
"40337","73"
"40347","73"
"40356","73"
"40386","73"
"40395","73"
"40432","73"
"40449","73"
"40458","73"
"40463","73"
"40492","73"
"40506","73"
"40516","73"
"40523","73"
"40533","73"
"40551","73"
"40558","73"
"40581","73"
"40591","73"
"40594","73"
"40627","73"
"40643","73"
"40679","73"
"40692","73"
"40701","73"
"40706","73"
"40757","73"
"40769","73"
"40790","73"
"40793","73"
"40802","73"
"40807","73"
"40816","73"
"40850","73"
"40857","73"
"40866","73"
"40874","73"
"40883","73"
"40911","73"
"40920","73"
"40957","73"
"40966","73"
"40974","73"
"40983","73"
"40988","73"
"40993","73"
"40998","73"
"41028","73"
"41060","73"
"41087","73"
"41096","73"
"41101","73"
"41128","73"
"41133","73"
"41175","73"
"41184","73"
"41193","73"
"41202","73"
"41218","73"
"41236","73"
"41251","73"
"41282","73"
"41300","73"
"41309","73"
"41333","73"
"41352","73"
"41382","73"
"41391","73"
"41409","73"
"41436","73"
"41441","73"
"41470","73"
"41521","73"
"41579","73"
"41605","73"
"41629","73"
"41638","73"
"41647","73"
"41683","73"
"41713","73"
"41722","73"
"41769","73"
"41788","73"
"41841","73"
"41847","73"
"41865","73"
"41874","73"
"41897","73"
"41906","73"
"41911","73"
"41936","73"
"41945","73"
"41968","73"
"41991","73"
"42009","73"
"42032","73"
"42064","73"
"42092","73"
"42098","73"
"42125","73"
"42167","73"
"42210","73"
"42228","73"
"42236","73"
"42245","73"
"42253","73"
"42258","73"
"42266","73"
"42304","73"
"42320","73"
"42328","73"
"42333","73"
"42345","73"
"42373","73"
"42481","73"
"42490","73"
"42525","73"
"42534","73"
"42549","73"
"42570","73"
"42572","73"
"42602","73"
"42611","73"
"42623","73"
"42625","73"
"42630","73"
"42644","73"
"42652","73"
"42661","73"
"42672","73"
"42682","73"
"42707","73"
"42718","73"
"42727","73"
"42734","73"
"42757","73"
"42763","73"
"42774","73"
"42789","73"
"42794","73"
"42804","73"
"42814","73"
"42823","73"
"42843","73"
"42849","73"
"42858","73"
"42864","73"
"42873","73"
"42881","73"
"42890","73"
"42895","73"
"42904","73"
"42928","73"
"42937","73"
"42948","73"
"42953","73"
"42968","73"
"42986","73"
"42987","73"
"43005","73"
"43031","73"
"43043","73"
"43052","73"
"43059","73"
"43067","73"
"43085","73"
"43114","73"
"43123","73"
"43132","73"
"43139","73"
"43148","73"
"43157","73"
"43175","73"
"43195","73"
"43200","73"
"43218","73"
"43223","73"
"43247","73"
"43252","73"
"43261","73"
"43270","73"
"43287","73"
"43301","73"
"43310","73"
"43322","73"
"43330","73"
"43338","73"
"43354","73"
"43378","73"
"43390","73"
"8819","292"
"8827","292"
"11266","292"
"11281","292"
"40841","292"
"42415","292"
"9393","293"
"9406","293"
"37759","293"
"42041","293"
"42384","293"
"15814","294"
"9129","296"
"9136","296"
"9144","296"
"9152","296"
"9161","296"
"9166","296"
"16894","296"
"25250","296"
"26175","296"
"32641","296"
"33733","296"
"36508","296"
"38224","296"
"38492","296"
"9411","297"
"41156","297"
"10824","298"
"10832","298"
"10847","298"
"10857","298"
"10865","298"
"10870","298"
"10874","298"
"10884","298"
"10888","298"
"17143","298"
"19266","298"
"20484","298"
"26912","298"
"28582","298"
"31835","298"
"31855","298"
"32610","298"
"32809","298"
"35387","298"
"35867","298"
"35941","298"
"36524","298"
"40331","298"
"40404","298"
"8058","299"
"8665","299"
"8750","299"
"9450","299"
"9461","299"
"9471","299"
"9481","299"
"9489","299"
"9499","299"
"9560","299"
"9607","299"
"9640","299"
"9662","299"
"9674","299"
"9683","299"
"9692","299"
"9701","299"
"9711","299"
"9776","299"
"9782","299"
"9790","299"
"9796","299"
"9805","299"
"9815","299"
"9820","299"
"9836","299"
"9848","299"
"9859","299"
"9868","299"
"9881","299"
"9885","299"
"9889","299"
"9899","299"
"9911","299"
"9931","299"
"9942","299"
"9949","299"
"9957","299"
"9961","299"
"10123","299"
"10133","299"
"11502","299"
"11522","299"
"11533","299"
"11546","299"
"11564","299"
"11571","299"
"11587","299"
"11639","299"
"11653","299"
"11680","299"
"11688","299"
"11700","299"
"11712","299"
"11726","299"
"11735","299"
"11741","299"
"11749","299"
"11758","299"
"11765","299"
"11768","299"
"15208","299"
"16260","299"
"17163","299"
"17454","299"
"18513","299"
"18719","299"
"19008","299"
"19014","299"
"19029","299"
"19032","299"
"19035","299"
"19038","299"
"19047","299"
"19050","299"
"19059","299"
"19068","299"
"19074","299"
"19077","299"
"20759","299"
"22935","299"
"23774","299"
"23966","299"
"24097","299"
"24139","299"
"24753","299"
"24843","299"
"24852","299"
"25232","299"
"25328","299"
"25353","299"
"25451","299"
"25844","299"
"26384","299"
"26398","299"
"27063","299"
"27589","299"
"27819","299"
"27889","299"
"28146","299"
"28222","299"
"28360","299"
"28953","299"
"29195","299"
"29290","299"
"30364","299"
"30745","299"
"30836","299"
"30932","299"
"31693","299"
"31735","299"
"31938","299"
"32069","299"
"32115","299"
"32156","299"
"32297","299"
"32343","299"
"33076","299"
"33599","299"
"33614","299"
"33640","299"
"34040","299"
"35049","299"
"35304","299"
"35484","299"
"36051","299"
"36251","299"
"36283","299"
"36515","299"
"36696","299"
"36724","299"
"36886","299"
"37053","299"
"37303","299"
"37304","299"
"37614","299"
"37636","299"
"37877","299"
"37909","299"
"38232","299"
"38547","299"
"38596","299"
"38755","299"
"38838","299"
"39646","299"
"39831","299"
"39838","299"
"39942","299"
"39956","299"
"40161","299"
"40278","299"
"40422","299"
"40618","299"
"41078","299"
"41138","299"
"41402","299"
"41614","299"
"41987","299"
"42023","299"
"42342","299"
"43166","299"
"43374","299"
"9176","300"
"18983","300"
"9416","301"
"10811","303"
"10814","303"
"22930","303"
"42837","303"
"8102","304"
"9422","304"
"9432","304"
"9437","304"
"9440","304"
"9518","304"
"9525","304"
"9534","304"
"9539","304"
"9549","304"
"9564","304"
"9595","304"
"9623","304"
"9636","304"
"9663","304"
"9667","304"
"9714","304"
"9724","304"
"9728","304"
"9739","304"
"9756","304"
"9767","304"
"9837","304"
"9864","304"
"9886","304"
"9904","304"
"9930","304"
"9959","304"
"9969","304"
"9972","304"
"9984","304"
"9994","304"
"9999","304"
"10002","304"
"10013","304"
"10023","304"
"10324","304"
"13009","304"
"15568","304"
"16033","304"
"16216","304"
"16353","304"
"16434","304"
"18278","304"
"18992","304"
"18995","304"
"19001","304"
"19796","304"
"20496","304"
"21759","304"
"21856","304"
"22129","304"
"22317","304"
"22946","304"
"25309","304"
"25491","304"
"25507","304"
"26339","304"
"26586","304"
"26736","304"
"27332","304"
"28632","304"
"30122","304"
"30240","304"
"30261","304"
"31208","304"
"31460","304"
"31606","304"
"32572","304"
"32973","304"
"33111","304"
"33174","304"
"33378","304"
"33527","304"
"35075","304"
"35085","304"
"35628","304"
"35639","304"
"35691","304"
"35692","304"
"35693","304"
"35694","304"
"35695","304"
"35696","304"
"35697","304"
"35770","304"
"36655","304"
"36880","304"
"37130","304"
"37714","304"
"37861","304"
"38176","304"
"38603","304"
"38937","304"
"38990","304"
"39752","304"
"40665","304"
"42139","304"
"42696","304"
"43014","304"
"43341","304"
"8834","305"
"11372","306"
"19906","306"
"19915","306"
"19921","306"
"19930","306"
"27860","306"
"10891","308"
"35147","308"
"8853","309"
"8865","309"
"8875","309"
"8884","309"
"8902","309"
"8910","309"
"8926","309"
"8940","309"
"8948","309"
"8970","309"
"8978","309"
"8985","309"
"8995","309"
"9008","309"
"9011","309"
"9014","309"
"9027","309"
"9030","309"
"9056","309"
"15436","309"
"16492","309"
"17566","309"
"17611","309"
"17854","309"
"18792","309"
"19703","309"
"23288","309"
"23678","309"
"24188","309"
"25529","309"
"27457","309"
"28188","309"
"28272","309"
"28910","309"
"32708","309"
"32713","309"
"33748","309"
"33800","309"
"35713","309"
"35885","309"
"35920","309"
"36222","309"
"36609","309"
"39262","309"
"39574","309"
"39780","309"
"40308","309"
"41051","309"
"41246","309"
"41892","309"
"42311","309"
"10027","311"
"10030","311"
"10041","311"
"10050","311"
"10054","311"
"10063","311"
"10072","311"
"10091","311"
"10094","311"
"10942","311"
"17975","311"
"18679","311"
"19111","311"
"26596","311"
"28714","311"
"31184","311"
"33282","311"
"36231","311"
"39888","311"
"10901","312"
"10922","312"
"10934","312"
"43187","312"
"37217","313"
"37900","313"
"41596","313"
"8082","314"
"8242","314"
"8492","314"
"8511","314"
"8526","314"
"9210","314"
"9220","314"
"10773","314"
"11079","314"
"11312","314"
"11326","314"
"11343","314"
"11472","314"
"11485","314"
"11500","314"
"11521","314"
"11532","314"
"11548","314"
"11565","314"
"11583","314"
"11601","314"
"11629","314"
"11643","314"
"11784","314"
"11788","314"
"11792","314"
"11795","314"
"11803","314"
"11813","314"
"11815","314"
"11825","314"
"11835","314"
"11845","314"
"11850","314"
"11856","314"
"11865","314"
"11874","314"
"11884","314"
"11887","314"
"11890","314"
"11892","314"
"11894","314"
"11900","314"
"11910","314"
"11920","314"
"11926","314"
"11930","314"
"11941","314"
"11951","314"
"11955","314"
"11965","314"
"11969","314"
"11975","314"
"11981","314"
"11987","314"
"11997","314"
"12005","314"
"12009","314"
"12027","314"
"12028","314"
"12038","314"
"12050","314"
"12051","314"
"12061","314"
"12070","314"
"12074","314"
"12077","314"
"12087","314"
"12090","314"
"12104","314"
"12113","314"
"12122","314"
"12128","314"
"12131","314"
"12134","314"
"12145","314"
"12155","314"
"12160","314"
"12165","314"
"12170","314"
"12177","314"
"12180","314"
"12193","314"
"12197","314"
"12203","314"
"12208","314"
"12216","314"
"12221","314"
"12227","314"
"12237","314"
"12244","314"
"12251","314"
"12258","314"
"12266","314"
"12270","314"
"12278","314"
"12286","314"
"12294","314"
"12301","314"
"12310","314"
"12317","314"
"12323","314"
"12333","314"
"12340","314"
"12350","314"
"12357","314"
"12367","314"
"12372","314"
"14867","314"
"14894","314"
"14971","314"
"15130","314"
"15262","314"
"15550","314"
"16425","314"
"16596","314"
"16690","314"
"16723","314"
"17096","314"
"17201","314"
"17290","314"
"17340","314"
"17483","314"
"17552","314"
"17672","314"
"17749","314"
"17802","314"
"18028","314"
"18430","314"
"18494","314"
"18529","314"
"18563","314"
"18626","314"
"18657","314"
"18753","314"
"18908","314"
"19168","314"
"19280","314"
"19586","314"
"19761","314"
"20042","314"
"20162","314"
"20975","314"
"21082","314"
"21186","314"
"21298","314"
"21379","314"
"21546","314"
"21561","314"
"21576","314"
"21616","314"
"21640","314"
"21809","314"
"22151","314"
"22185","314"
"22289","314"
"22382","314"
"22394","314"
"22584","314"
"22670","314"
"22682","314"
"22743","314"
"22895","314"
"23190","314"
"23207","314"
"23371","314"
"23382","314"
"23604","314"
"23664","314"
"23691","314"
"23871","314"
"24000","314"
"24002","314"
"24081","314"
"24349","314"
"24515","314"
"24523","314"
"24698","314"
"24838","314"
"24889","314"
"24975","314"
"25482","314"
"25515","314"
"25706","314"
"25838","314"
"25887","314"
"26005","314"
"26027","314"
"26031","314"
"26123","314"
"26277","314"
"26389","314"
"26677","314"
"26922","314"
"27054","314"
"27238","314"
"27475","314"
"27580","314"
"27716","314"
"27898","314"
"28048","314"
"28077","314"
"28208","314"
"28231","314"
"28522","314"
"28590","314"
"28697","314"
"28837","314"
"28936","314"
"29029","314"
"29111","314"
"29190","314"
"29215","314"
"29340","314"
"29353","314"
"29379","314"
"29516","314"
"29526","314"
"29681","314"
"29957","314"
"30066","314"
"30268","314"
"30558","314"
"30637","314"
"30750","314"
"30814","314"
"30831","314"
"30920","314"
"31215","314"
"31284","314"
"31306","314"
"31429","314"
"31725","314"
"31727","314"
"31864","314"
"32162","314"
"32302","314"
"32560","314"
"32628","314"
"32685","314"
"33038","314"
"33064","314"
"33156","314"
"33203","314"
"33226","314"
"33286","314"
"33314","314"
"33567","314"
"33581","314"
"33673","314"
"33814","314"
"33828","314"
"33839","314"
"34060","314"
"35125","314"
"35329","314"
"35349","314"
"35354","314"
"35584","314"
"35676","314"
"35840","314"
"36063","314"
"36123","314"
"36165","314"
"36203","314"
"36341","314"
"36361","314"
"36402","314"
"36486","314"
"36772","314"
"36927","314"
"37106","314"
"37317","314"
"37329","314"
"37373","314"
"37382","314"
"37387","314"
"37409","314"
"37500","314"
"37548","314"
"37733","314"
"37799","314"
"37810","314"
"37886","314"
"38113","314"
"38119","314"
"38272","314"
"38295","314"
"38311","314"
"38385","314"
"38556","314"
"38725","314"
"38906","314"
"38976","314"
"38998","314"
"39004","314"
"39053","314"
"39068","314"
"39078","314"
"39165","314"
"39249","314"
"39347","314"
"39477","314"
"39612","314"
"39762","314"
"40117","314"
"40123","314"
"40147","314"
"40223","314"
"40364","314"
"40763","314"
"40904","314"
"41037","314"
"41046","314"
"41074","314"
"41461","314"
"41530","314"
"41814","314"
"41883","314"
"42161","314"
"42176","314"
"42286","314"
"42455","314"
"42472","314"
"42499","314"
"42541","314"
"42921","314"
"43278","314"
"30355","315"
"9189","318"
"8253","319"
"8641","319"
"9227","319"
"9235","319"
"9242","319"
"9252","319"
"9256","319"
"9264","319"
"9269","319"
"9279","319"
"9284","319"
"9291","319"
"9297","319"
"9574","319"
"9591","319"
"9604","319"
"9613","319"
"9633","319"
"10951","319"
"10954","319"
"10961","319"
"10966","319"
"10970","319"
"10975","319"
"10978","319"
"10985","319"
"11007","319"
"11012","319"
"11015","319"
"11026","319"
"11036","319"
"11046","319"
"11056","319"
"11066","319"
"11069","319"
"11076","319"
"11090","319"
"11100","319"
"11103","319"
"11106","319"
"11110","319"
"11120","319"
"11130","319"
"11133","319"
"11176","319"
"11191","319"
"11202","319"
"11208","319"
"11221","319"
"11236","319"
"11248","319"
"11254","319"
"11265","319"
"11269","319"
"11280","319"
"11288","319"
"11296","319"
"11319","319"
"11337","319"
"11353","319"
"11362","319"
"11367","319"
"11378","319"
"11383","319"
"11392","319"
"11404","319"
"11409","319"
"11419","319"
"11423","319"
"11429","319"
"11450","319"
"11462","319"
"11468","319"
"11475","319"
"14987","319"
"15097","319"
"15179","319"
"15341","319"
"15615","319"
"15734","319"
"15783","319"
"15866","319"
"16044","319"
"16390","319"
"16533","319"
"16658","319"
"16709","319"
"16779","319"
"16804","319"
"16880","319"
"16906","319"
"16970","319"
"16996","319"
"17354","319"
"17666","319"
"17794","319"
"17886","319"
"18124","319"
"18300","319"
"18350","319"
"18478","319"
"18759","319"
"19455","319"
"20207","319"
"20292","319"
"20754","319"
"20897","319"
"21043","319"
"21134","319"
"21310","319"
"21370","319"
"22403","319"
"22495","319"
"23223","319"
"23613","319"
"23637","319"
"24223","319"
"24395","319"
"24606","319"
"24663","319"
"25211","319"
"25237","319"
"25776","319"
"25786","319"
"25853","319"
"26137","319"
"26314","319"
"26451","319"
"26530","319"
"26573","319"
"26652","319"
"26758","319"
"27409","319"
"27549","319"
"27710","319"
"27776","319"
"27970","319"
"28183","319"
"28240","319"
"28259","319"
"28503","319"
"28919","319"
"28966","319"
"29087","319"
"29146","319"
"29357","319"
"29579","319"
"29630","319"
"29678","319"
"29765","319"
"29767","319"
"29888","319"
"29975","319"
"30045","319"
"30224","319"
"30235","319"
"30482","319"
"30486","319"
"30959","319"
"30964","319"
"32005","319"
"32011","319"
"32146","319"
"32151","319"
"32178","319"
"32248","319"
"32421","319"
"32485","319"
"32619","319"
"33165","319"
"34974","319"
"35094","319"
"35320","319"
"35408","319"
"35743","319"
"36170","319"
"36995","319"
"37031","319"
"37035","319"
"37334","319"
"38173","319"
"38252","319"
"38449","319"
"38824","319"
"38901","319"
"39594","319"
"40712","319"
"40925","319"
"41273","319"
"41700","319"
"41740","319"
"41953","319"
"42018","319"
"42360","319"
"42426","319"
"42435","319"
"42705","319"
"42997","319"
"43365","319"
"11146","320"
"11156","320"
"11158","320"
"18643","320"
"19308","320"
"19314","320"
"19329","320"
"19332","320"
"19341","320"
"19344","320"
"19356","320"
"19359","320"
"19362","320"
"9042","321"
"9046","321"
"29442","321"
"43235","321"
"10104","323"
"10114","323"
"10202","323"
"10212","323"
"10216","323"
"10224","323"
"10228","323"
"10238","323"
"17313","323"
"20318","323"
"21256","323"
"23308","323"
"27642","323"
"35371","323"
"35427","323"
"36115","323"
"38049","323"
"39545","323"
"42962","323"
"11161","324"
"11168","324"
"19184","325"
"11192","328"
"11206","328"
"11213","328"
"11239","328"
"17045","328"
"18152","328"
"26535","328"
"33212","328"
"33736","328"
"35524","328"
"9118","329"
"39794","329"
"43092","329"
"8705","330"
"20151","330"
"29912","331"
"42367","331"
"9052","332"
"10240","332"
"10249","332"
"15048","332"
"15832","332"
"16620","332"
"17198","332"
"19207","332"
"19219","332"
"19225","332"
"19305","332"
"42390","332"
"42393","332"
"24161","333"
"40922","333"
"19108","335"
"9060","336"
"11298","340"
"11305","340"
"11361","340"
"18787","340"
"19365","340"
"21820","340"
"26049","340"
"26308","340"
"26560","340"
"29921","340"
"31213","340"
"33697","340"
"35561","340"
"35684","340"
"36633","340"
"36866","340"
"36953","340"
"39929","340"
"41479","340"
"41570","340"
"42192","340"
"42382","340"
"43292","340"
"43385","340"
"9067","341"
"9071","341"
"9082","341"
"9092","341"
"15499","341"
"21528","341"
"22110","341"
"29839","341"
"9316","342"
"9326","342"
"39614","342"
"15763","343"
"8533","344"
"11393","344"
"11421","344"
"11440","344"
"37021","344"
"32589","345"
"9100","346"
"10264","348"
"10279","348"
"10304","348"
"10309","348"
"10314","348"
"11461","348"
"40739","348"
"26080","349"
"8437","350"
"10142","350"
"10149","350"
"10154","350"
"10157","350"
"10167","350"
"10177","350"
"10182","350"
"10192","350"
"10243","350"
"10248","350"
"10260","350"
"10274","350"
"10286","350"
"10305","350"
"10312","350"
"10333","350"
"10342","350"
"10360","350"
"10365","350"
"10408","350"
"10418","350"
"10423","350"
"10435","350"
"10450","350"
"10457","350"
"10469","350"
"10472","350"
"10490","350"
"10499","350"
"10503","350"
"10509","350"
"10512","350"
"10522","350"
"10531","350"
"10540","350"
"10550","350"
"10560","350"
"10572","350"
"10581","350"
"10595","350"
"10598","350"
"10608","350"
"10617","350"
"10627","350"
"10644","350"
"10651","350"
"10662","350"
"10672","350"
"10675","350"
"10683","350"
"10692","350"
"10705","350"
"10722","350"
"10730","350"
"10734","350"
"10745","350"
"10757","350"
"14791","350"
"14803","350"
"14937","350"
"14994","350"
"15271","350"
"15349","350"
"15992","350"
"16004","350"
"16212","350"
"16821","350"
"16984","350"
"17063","350"
"17367","350"
"17491","350"
"17727","350"
"18106","350"
"18270","350"
"18698","350"
"19371","350"
"19638","350"
"20456","350"
"21224","350"
"21742","350"
"21823","350"
"21896","350"
"21935","350"
"22140","350"
"22268","350"
"22447","350"
"22467","350"
"22554","350"
"22591","350"
"22596","350"
"22728","350"
"23013","350"
"23443","350"
"23487","350"
"23548","350"
"23747","350"
"24024","350"
"24037","350"
"24087","350"
"24130","350"
"24179","350"
"24348","350"
"24787","350"
"24800","350"
"25152","350"
"25381","350"
"25676","350"
"25878","350"
"26103","350"
"26128","350"
"26161","350"
"26228","350"
"26490","350"
"26499","350"
"26873","350"
"27459","350"
"27797","350"
"27836","350"
"27903","350"
"27942","350"
"28115","350"
"28141","350"
"28327","350"
"28436","350"
"28810","350"
"28856","350"
"28975","350"
"29068","350"
"29078","350"
"29096","350"
"29124","350"
"29451","350"
"29654","350"
"29988","350"
"30250","350"
"30337","350"
"30414","350"
"30549","350"
"30625","350"
"30663","350"
"30777","350"
"31112","350"
"31411","350"
"31634","350"
"31688","350"
"31915","350"
"31982","350"
"32334","350"
"32659","350"
"32898","350"
"32920","350"
"33025","350"
"33198","350"
"33406","350"
"33408","350"
"33470","350"
"33689","350"
"33720","350"
"33765","350"
"35221","350"
"35378","350"
"36073","350"
"36352","350"
"36613","350"
"36786","350"
"37139","350"
"37210","350"
"37257","350"
"37435","350"
"37645","350"
"38340","350"
"38409","350"
"39009","350"
"39985","350"
"40048","350"
"40259","350"
"40372","350"
"40472","350"
"40653","350"
"40785","350"
"41008","350"
"41069","350"
"41161","350"
"41263","350"
"41691","350"
"41779","350"
"41923","350"
"41960","350"
"42464","350"
"42744","350"
"42978","350"
"9335","351"
"9341","351"
"10362","352"
"10369","352"
"10379","352"
"10389","352"
"10397","352"
"10420","352"
"10451","352"
"10473","352"
"10483","352"
"10502","352"
"10558","352"
"10566","352"
"10570","352"
"10599","352"
"10615","352"
"10635","352"
"10664","352"
"10693","352"
"10723","352"
"10750","352"
"20349","352"
"21981","352"
"22664","352"
"23977","352"
"24743","352"
"28322","352"
"29008","352"
"29627","352"
"30302","352"
"30311","352"
"31253","352"
"32036","352"
"32453","352"
"32496","352"
"32893","352"
"33090","352"
"33117","352"
"35418","352"
"36184","352"
"39603","352"
"42914","352"
"9103","353"
"19483","353"
"11523","354"
"11566","354"
"11599","354"
"11640","354"
"11664","354"
"15685","354"
"16400","354"
"23938","354"
"39194","354"
"40832","354"
"10774","357"
"15063","357"
"15585","357"
"11674","358"
"11683","358"
"11692","358"
"11716","358"
"19876","358"
"19879","358"
"19882","358"
"19891","358"
"19897","358"
"19903","358"
"38376","358"
"26245","359"
"10781","360"
"35689","360"
"10790","364"
"10800","364"
"10808","364"
"30887","364"
"40718","364"
"9348","367"
"9355","367"
"9358","367"
"9363","367"
"9366","367"
"9372","367"
"20182","367"
"32964","367"
"35141","367"
"38542","367"
